archivo,id_drive,sha1,bytes
DIMMIT_V1_Reporte_Tecnico.docx,1psDl7c5yHRFPkXoInRsfqfpEHNIclyof,701e638d44e1a1cbf52800f2b71d9cd9df5dcea8,394834
grabacion_20261005_093800_Prueba_2/20261005-093748 - Prueba 2.gpx,125P19vmccXVo1CJgxcdLZnyXdQTN-gBM,b4c80decc6ba242000868b45d92e363712419a9c,11875
grabacion_20261005_093800_Prueba_2/20261005-093748 - Prueba 2.kml,1oZ-6Q-Cg-EyYAqzUfHcU9LtHW-_Vm6WB,93150161ee420d6c3e1aee5d44fedac1eb8d9724,4279
grabacion_20261005_093800_Prueba_2/captura_20261005_093800_326_0.jpg,1AIqF1d7tu2myLxuGEVlwh4NDS6Ho8C5Q,3912513607165685d612eba51ebce101223a5e5b,429917
grabacion_20261005_093800_Prueba_2/captura_20261005_093800_897_1.jpg,1jWQNTiGOn7-22-Tq-l7X2bO5g5L8Ssi7,545125f916cc5b3695fc35fa841c0c0f560b2809,418442
grabacion_20261005_093800_Prueba_2/captura_20261005_093801_438_2.jpg,14O9CoeMP_dbtyQbUmHwUrXAvazkvbmYH,29c441cec010e0864958f4940f72f7b4d296da84,414813
grabacion_20261005_093800_Prueba_2/captura_20261005_093801_987_3.jpg,11NVLqcckKHWP5au9qEsTlJ9cUQK_QOIg,c02d9ef4d0ec15498ddaa6c753c792ad2573f5e1,406993
grabacion_20261005_093800_Prueba_2/captura_20261005_093802_521_4.jpg,1-ZLe_T8xHlM4ZwLfqFOcMkd4-uH92vUX,64885eba0ef3eccca2f9dfdb6a8f3cb6ff143dc0,413455
grabacion_20261005_093800_Prueba_2/captura_20261005_093803_073_5.jpg,1p2xD20ezV3SwAwT7OVDVw52OiHo0Ffbe,878a5caaa554aff72a36ac5a111dcc9a91a7a106,417768
grabacion_20261005_093800_Prueba_2/captura_20261005_093803_611_6.jpg,1Y8wri9xvmUl1CZpOc1DnkJO3ff7PbemS,1059ac7a032b854cafa490d306eddcd987fe550d,410444
grabacion_20261005_093800_Prueba_2/captura_20261005_093804_147_7.jpg,1xyMj7sL3Xh4sivEs5RXf_Kk0VrlxsDhd,43bf33ac2ae76841b825d7086ac07966d7b69c94,412017
grabacion_20261005_093800_Prueba_2/captura_20261005_093804_691_8.jpg,17S3j1mGw6yRJhm71xnBVZf-d5_ejvf1w,94d357eba22a1ec9354e5ff8e4085c1f7e8ce4fd,416327
grabacion_20261005_093800_Prueba_2/captura_20261005_093805_238_9.jpg,1FuidKcqWrI4W8ErVx4BwFf4ga45eOeUf,4c421492680ef9766f8ddaa6e6ca0b9280d1f70d,448151
grabacion_20261005_093800_Prueba_2/captura_20261005_093805_792_10.jpg,1WlLlsmaeFJckOHEXpOqcOGMBCB2AVK95,82b1cf6fec5947b4dccd83b69d2654cbf4b31c29,447860
grabacion_20261005_093800_Prueba_2/captura_20261005_093806_338_11.jpg,1SeZhBrYde4F9FUw3XfPitUXmgTe8J7wz,b303dff39096866416b98118e7ad9049cb5902b1,447667
grabacion_20261005_093800_Prueba_2/captura_20261005_093806_892_12.jpg,1w6MtWa-Bl2U5buHsH9-Nz1rwOrmw5vSy,e979d7bec420dc0854616c2c17ec42e651837274,432247
grabacion_20261005_093800_Prueba_2/captura_20261005_093807_437_13.jpg,18rlCHN6fDkQI3DgFjLmULaYpxZAs7KfQ,b5892f6a0261b8a3129281843df647056b667742,433747
grabacion_20261005_093800_Prueba_2/captura_20261005_093807_991_14.jpg,1RnCSnCTA6zq5jPlIfaj7Ullpbo2z8o46,b180cd81b5b341c43a0098490d76aeef81f4c2a2,449724
grabacion_20261005_093800_Prueba_2/captura_20261005_093808_551_15.jpg,1JlATTG9XeZqrQCV_8ll7ZXD-Gsm926gO,eac2448380353edbaca23a75fea45aa39a824e1c,461814
grabacion_20261005_093800_Prueba_2/captura_20261005_093809_097_16.jpg,1Z1nCERYFsKCDWutyK52YEcfre3BR0Evl,a189954bc79e91a4f687e5d9449c4f3a0affc1f1,461213
grabacion_20261005_093800_Prueba_2/captura_20261005_093809_650_17.jpg,1Uk-YHbRbfYFv7y16r5fyCVsP1hu6VCSw,6f99195b78fd44c69e9322b8edeec6a88d9ad852,461234
grabacion_20261005_093800_Prueba_2/captura_20261005_093810_201_18.jpg,1HlGKclWg3gESxxcOeNH2BTbPOiMNSBfj,60f9bbfe09b5aff6d3d8dd8c3b2b25c3cc370612,456093
grabacion_20261005_093800_Prueba_2/captura_20261005_093811_141_19.jpg,1yBBjRquqAc-U0DNPOH9LN_DAlGZMJnQn,ea2a7a7245cf5870d336fd1fdcd3f363f0fc3afc,458774
grabacion_20261005_093800_Prueba_2/captura_20261005_093811_930_20.jpg,1Lk5bDNCHxtIhyTjzUFE7igGBPNTtut6M,4edca76e8a8b834b4f89decedeae508fb4eddbd7,444295
grabacion_20261005_093800_Prueba_2/captura_20261005_093812_473_21.jpg,1tHucs8ohUCJn1bf6w72QkWuf5pAdELDw,c05f6eff362f8bd76606d334cefc68a31f725409,435788
grabacion_20261005_093800_Prueba_2/captura_20261005_093813_010_22.jpg,1oHkpEo5nGuTAtkLUjpImTZLoLW7tvSmv,519925f257ee08753ba49713e579fd99d855e992,427457
grabacion_20261005_093800_Prueba_2/captura_20261005_093813_555_23.jpg,1FJYL-iv5dK-dpM8tMgXdwiZ7yZd64Cv8,c6ccd4fe1e22dbf55a8c32d7fb8da7cefae48219,420264
grabacion_20261005_093800_Prueba_2/captura_20261005_093814_093_24.jpg,1Cg8772-3K1Eb2uS0kx7t9aoHGhO-ooQx,5f0ced9e33807e6077c21ea712153391c2f2fc7f,436056
grabacion_20261005_093800_Prueba_2/captura_20261005_093814_628_25.jpg,1qpG4qTLvYDHAJ_hyv7X1_AiGeAR4f-gL,16c5de85de3b106032ff59bcf8d436d9ec844c80,435662
grabacion_20261005_093800_Prueba_2/captura_20261005_093815_167_26.jpg,17STleLSdzmr9y2wRkw3kk21718hCQHvp,5f62da2e8fe2cb096d3a344ab40d7ca857427451,420712
grabacion_20261005_093800_Prueba_2/captura_20261005_093815_705_27.jpg,1ZvqGE4rRzmWpPWF3EWqFVDsNvwjGROQm,6334b09b895cc703a701380656752d67f768a920,424671
grabacion_20261005_093800_Prueba_2/captura_20261005_093816_243_28.jpg,1UMAwuLTVGmBbzbJASMy-v0AzVaBNB1aD,e21332de887049b01a4bbe7637d7cfca021bbeda,417705
grabacion_20261005_093800_Prueba_2/captura_20261005_093816_782_29.jpg,1_g2ukttt2_-3wYV8G3vVd4XcH0n_phHa,1d28acc0f679866ba82ca3fd690a834f66dd8e0c,438730
grabacion_20261005_093800_Prueba_2/captura_20261005_093817_337_30.jpg,1W5uG9kTolVYO5hlbyy-jK8se94DLUySy,0e1a8b43955518d3dffd6b7b194589738669f162,488878
grabacion_20261005_093800_Prueba_2/captura_20261005_093817_886_31.jpg,1FcRfVwOUUA6iN3WTim26Uy3ijEwSd5yd,79387a96efbaf0c74467a0108e35c40084af6d12,464900
grabacion_20261005_093800_Prueba_2/captura_20261005_093818_429_32.jpg,1GtUmu_idPtsSd7BAnHMGmXG_XL5ofU3m,746990ea091213f780edacd4840b1ccb740add0c,361059
grabacion_20261005_093800_Prueba_2/captura_20261005_093818_984_33.jpg,1vVCxS_kY6xWxS24h49zMupLNK-NQkwo5,4c10dcd0c1586f4fc516005e3624fb3579ce739e,392221
grabacion_20261005_093800_Prueba_2/captura_20261005_093819_534_34.jpg,1yS9Kf-UDvgYFqT5sNV62d0FlOlZZ9rMt,e8ac6f536b768e095295d6d4541653fe03268243,504123
grabacion_20261005_093800_Prueba_2/captura_20261005_093820_086_35.jpg,1kWjcARoGZmGVswdwWfQiuG8xxq8zRVx2,4e94ad5c47d628f76b0e1efba6ba9a459152590e,524910
grabacion_20261005_093800_Prueba_2/captura_20261005_093820_639_36.jpg,1q5iXjp5oqdWv91gDzecHWMpZjX6Wh_ql,ace4cb5b5a5a98c6a1a3fa6dcfc1ff0dea39e778,529452
grabacion_20261005_093800_Prueba_2/captura_20261005_093821_189_37.jpg,1qu1lGm_XOvj6AYber1VVKUF6r11shJ6u,d9a6cc8d5b299e4968bc8c4bc5de816b9cc3e54a,539500
grabacion_20261005_093800_Prueba_2/captura_20261005_093821_757_38.jpg,1AaNzjWRXwIlmjhr7EKN1hfOBVahnsfcj,7f478d1d4d6508e6d4bf1774348ee3e7a0857c57,405662
grabacion_20261005_093800_Prueba_2/captura_20261005_093822_305_39.jpg,1-wZehmUM-Fwg-ueZxUnkDPtGR6nt1jfk,20b48fe0570b483d83b13b6d497602d8c6fa895b,420974
grabacion_20261005_093800_Prueba_2/captura_20261005_093822_861_40.jpg,1gZKX-fH9z05Y3p1vdtRafyu4cQoRLGUf,3f9a58e4110103753d2ae6c5ae58b77eadd9f138,422216
grabacion_20261005_093800_Prueba_2/captura_20261005_093823_408_41.jpg,1shrUT0z3RF9RQFU4qqqZZPotgAKE_e_m,03832d40efa5035a912a9da03a153670e976b712,422461
grabacion_20261005_093800_Prueba_2/captura_20261005_093823_970_42.jpg,1L0myVyPEd9-32cJomc23pi48docwchdF,5ddffb5665d2a8243bc0e5cf7021588b1dff14f5,420287
grabacion_20261005_093800_Prueba_2/captura_20261005_093824_528_43.jpg,1t6wsvfutWqrk0FTkUv9AsQ14Cpe2CBq9,b45ce91c83ec5c1857256035d415b4bbd0d2e833,442933
grabacion_20261005_093800_Prueba_2/captura_20261005_093825_080_44.jpg,1kz1o-tPQFrhECapfeyuBsuflORSEMwgI,8a11b265cc9de4be55e7c1ccef74cf781f1d6580,444475
grabacion_20261005_093800_Prueba_2/captura_20261005_093825_636_45.jpg,1NtObeSt62p2ZA29fSMES3O4IJZFKaaKt,bdbd4aac8daedb930f3467964404e4d991ed0b2d,442335
grabacion_20261005_093800_Prueba_2/captura_20261005_093826_184_46.jpg,1uhU0i3g32zUqeUHQhOHjNLqPVNO1pn_l,b594e5964dc10660f7e60293754d29e1bdf2756c,431422
grabacion_20261005_093800_Prueba_2/captura_20261005_093826_737_47.jpg,1uPEcSQlu6ZFp4mPnIqRjY1DlA3TqJ_gi,06cf0f9508a7ec7eb293dac7440427098ea1f8b9,447323
grabacion_20261005_093800_Prueba_2/captura_20261005_093827_291_48.jpg,12wFl5QasBNV20o1CE47KMhzl6r_oj8ty,1eecd9c6616e8cab897d221ea8276294b08767b9,451003
grabacion_20261005_093800_Prueba_2/captura_20261005_093827_840_49.jpg,12CvIvvPCTK0BANpSojfs4SDHLUA-1B3Y,462acf0d5876c742e4777106b8c96e2a6adb23a6,443507
grabacion_20261005_093800_Prueba_2/captura_20261005_093828_395_50.jpg,1NLF5uAaKsaID3JoLcNNMjL6Hykfv4Y51,89ee1a62eee748b4279260161db2820a73061192,440051
grabacion_20261005_093800_Prueba_2/captura_20261005_093828_951_51.jpg,1pnMPxaCCCgzBiSJLmMGgtRM35IcAEyUR,e5969a22c2e0e34d580d783613b4df1c67c42a4f,396483
grabacion_20261005_093800_Prueba_2/captura_20261005_093829_507_52.jpg,1vB9RNFyn-QhmXA6Xk5Q8BZKBuiHXl8Xh,e9915062983b018bcff0fd171492af6392ee3bf6,398239
grabacion_20261005_093800_Prueba_2/captura_20261005_093830_063_53.jpg,1Znhl4JrxufUv_aAftZFOB-qSQ76HCLMo,f5cbfe48d3462d1f1fe3806618d6449557058790,422401
grabacion_20261005_093800_Prueba_2/captura_20261005_093830_613_54.jpg,12WgY_UtG-pzPWRyiGUF4ozYA9u-TY_vM,46b0c7d407dc03ce2bee8989805dc7266938d383,417036
grabacion_20261005_093800_Prueba_2/captura_20261005_093831_162_55.jpg,1xK1-Ke5qzj4myzLZkDLDODfTFOylULHm,3f6f9ff7032e560fa24d1038aae598fb7f7512c4,417539
grabacion_20261005_093800_Prueba_2/captura_20261005_093831_711_56.jpg,1eJ_9iHcK8lCUhJS4PQ3Kk2lzlHRMQ7kT,e202fa98a417447261ec6578375c612e507ffb06,432639
grabacion_20261005_093800_Prueba_2/captura_20261005_093832_267_57.jpg,1jMB7rQoAdr117JDD-nUwY7ULcVcstc8q,14c05dd8a8e9b31811de46437ac2de24d5a878ab,430180
grabacion_20261005_093800_Prueba_2/captura_20261005_093832_816_58.jpg,1fZbQ3D2l9chho3X5b_hO3ANFYG95YDrn,a4300539b139dac743e5c817180d2e8ee15e7eb8,427585
grabacion_20261005_093800_Prueba_2/captura_20261005_093833_368_59.jpg,1DDT_k1Q4mQVfYcffUajbdtsLNNU4WW1D,6e71db08d884a6f6664afa0798cccc6a460e0104,437684
grabacion_20261005_093800_Prueba_2/captura_20261005_093833_920_60.jpg,1_yF7taleu7iy12UKKzO4dFdalAjLpQzs,8342e1b408ec0c76b26858092295386a5b2731a1,491751
grabacion_20261005_093800_Prueba_2/captura_20261005_093834_473_61.jpg,1aj5f9cliksBkh5QDv9prZOBXgOWPljUY,b1786ca1c04280a858e5171f319ad6fb1500280b,488098
grabacion_20261005_093800_Prueba_2/captura_20261005_093835_035_62.jpg,1iUzdhaCnY02O1Kf21eovcJoBfHKt6dtj,3025ecd624cf442130fd7f69e77cc78fd7367051,501162
grabacion_20261005_093800_Prueba_2/captura_20261005_093835_591_63.jpg,1u0tgH0hSJvVJaI1imbEzJkqv16GKTPnH,bf4d79107bdda989d37ffc6390b7ebaed534ca54,490435
grabacion_20261005_093800_Prueba_2/captura_20261005_093836_140_64.jpg,1Ujvp-Nk9MgXh5o0XW8Cjg0PevMslcBug,3a8c6bfa5139e7123d87e3d6390ef2de754b0cae,482760
grabacion_20261005_093800_Prueba_2/captura_20261005_093836_798_65.jpg,1i-RlJweyS8IYi3ZgVHbYdOZCp7OTbskP,055f68ce92ae3b1fa12f5a16f79b126673282299,502295
grabacion_20261005_093800_Prueba_2/captura_20261005_093837_360_66.jpg,1s9onwzrwt0elCUg48xTQLUdqz7OUNPpW,722949152fc3477f7b1cc170c9f3ae566e0b38cf,504379
grabacion_20261005_093800_Prueba_2/captura_20261005_093837_936_67.jpg,13SDMVc31TpVWI-MVzIeYjsviqIVPdIsU,c233361a1bc1736f1a7693a101f33f9a8a13973f,498902
grabacion_20261005_093800_Prueba_2/captura_20261005_093838_496_68.jpg,1WiQp8USqsLXrciapSRmsCGsJV4j0VImN,94cd27ce717bea4c88804915993c17739c88857d,502314
grabacion_20261005_093800_Prueba_2/registro_vial.csv,1yK13zG662rNiDWjm1L64dDMqYQrdmGY6,1524c6b0d410f386309d5bdc28b214ca94c43967,4869
grabacion_20261005_094134_Prueba_3/20261005-094125 - Prueba 3.gpx,1OjRpZtU-LgHNgIfZkVOJ1B5v0SmSJUU9,8993c47b5661ea81797df8353f4dd0a416df2ffe,10147
grabacion_20261005_094134_Prueba_3/20261005-094125 - Prueba 3.kml,1EJOZFTWcvvjujGEeDUzsSlAKwYtypUcw,10cda7ba3336d42b4bc930db2c5f9aae68394e04,3809
grabacion_20261005_094134_Prueba_3/captura_20261005_094134_447_0.jpg,1fIAWW8VfN4G7I-igWlSp4U_xBLUbZMsr,493e257c70df7a22384e7eaf09de4abf0a731edb,563204
grabacion_20261005_094134_Prueba_3/captura_20261005_094134_994_1.jpg,1BeY45T-WyyWujTqQZH4fFTjjwGf2d1nR,cb1a2934d060e36b7335a8f789d16c034f5b386c,581746
grabacion_20261005_094134_Prueba_3/captura_20261005_094135_543_2.jpg,1bpKIdPjRXyLtc_TO-3rVt78YZ_BJq3qF,3ccab13d105c5b66d56252476bbfca9ffaba96fa,589953
grabacion_20261005_094134_Prueba_3/captura_20261005_094136_103_3.jpg,1-SqvdWTqmQrvVys32HY8Rv0Rek_UWN_y,cd8dcdaa9c116ce3cc23b3a85c8460141dd54c8a,622980
grabacion_20261005_094134_Prueba_3/captura_20261005_094136_656_4.jpg,15BFwJ4CeHKy8hNgxqorX_aqaXTsCnoKi,7bf857436c78ba146a83e056bf56f6649c799541,667621
grabacion_20261005_094134_Prueba_3/captura_20261005_094137_229_5.jpg,1jYgUhqclL7oAgdtm6JlG_h4R1mTL68Om,4d0a61c1a97a589e9b7cfb82bb2d689b404dbd40,684336
grabacion_20261005_094134_Prueba_3/captura_20261005_094137_764_6.jpg,1o4CR2m-TTr2aG6k7anp0qvFjMjL411fa,44aa82c5acc3cb726af3046fb065e8c097fe19f8,657637
grabacion_20261005_094134_Prueba_3/captura_20261005_094138_307_7.jpg,1he5lkirneTnhISZChzHPP11gsBggTTJu,c2d8ba1fa51a07a6322210f5d03384740c9c2fc0,663830
grabacion_20261005_094134_Prueba_3/captura_20261005_094138_859_8.jpg,1STPM17zh7Zjwj3DNl3E69bO0pcfRA6tR,b4ec4f53325abd5deb415004dbba51cf118cf81f,678762
grabacion_20261005_094134_Prueba_3/captura_20261005_094139_409_9.jpg,1FaVaiQ8v53HhkbNTistgkjt07Ditovze,4be300d6c1698d59c88fa9914af328472ca3583a,620078
grabacion_20261005_094134_Prueba_3/captura_20261005_094139_959_10.jpg,1Cl0HGjg33Nzh_vJ0JpYLQ7vqi1ol1VB5,e3a469eef14a23ce66576260ee5988e422da3e6e,439298
grabacion_20261005_094134_Prueba_3/captura_20261005_094140_505_11.jpg,1Ud9FylemLfxZByAEp_0dqFwW0ufRBKXn,e3a469eef14a23ce66576260ee5988e422da3e6e,439298
grabacion_20261005_094134_Prueba_3/captura_20261005_094141_053_12.jpg,1RuXcmTrOgqBrFWdyKCntPu9Lv2OfV59Z,e4c2f01368235dcfb692bbad538470e6aa734e3b,435100
grabacion_20261005_094134_Prueba_3/captura_20261005_094141_601_13.jpg,18NXVjPGl8sC_gJW1jvDvlj1edd-dySIO,61d180ed90ac3b9bbe7de35282a37610dedaf493,428549
grabacion_20261005_094134_Prueba_3/captura_20261005_094142_142_14.jpg,1lcQMwgHEr1vzLd554-1z6N7ptGkHpW5C,ec9f4ef25f7c98bc5f4361aa8f394ae6a53325cc,368775
grabacion_20261005_094134_Prueba_3/captura_20261005_094142_699_15.jpg,1SZcJR31eEnivTdFw5feBjGTAUxY7_ucr,3fd5e68c2b03a770c24c008539417271c06b879a,370435
grabacion_20261005_094134_Prueba_3/captura_20261005_094143_237_16.jpg,1UrnTmcS5twWboY521jF5ZydGg6FlS8nq,2d739788f5f43d518a0ee7eb15055474be6373d8,406107
grabacion_20261005_094134_Prueba_3/captura_20261005_094143_776_17.jpg,1_rSxau1aforBc2KJaQfCz-WirpHrarIb,ca33ab2aa5c3d511e6e270c9152f30031e977fd4,426287
grabacion_20261005_094134_Prueba_3/captura_20261005_094144_313_18.jpg,1uRzYd42YIDoRLqlrXc9e90mzrzZDlnl-,a07573f1e57c16e4e560c2b08c59c851c319d877,429186
grabacion_20261005_094134_Prueba_3/captura_20261005_094144_848_19.jpg,1mEFI2nEvzFdNpogDDurQD6W1KtnRllD0,5c372949b2817bc7e23ae9bf990dcd30e0d9276a,419525
grabacion_20261005_094134_Prueba_3/captura_20261005_094145_408_20.jpg,1S3ZL8sUoeNzWB9cxcLrKempyd1OTond0,c048ac8a1ae4302fc62985f073000b2ac3cdf561,399997
grabacion_20261005_094134_Prueba_3/captura_20261005_094145_942_21.jpg,1Y_ezQ3GLdCOis6BESVt_gWVEmQ1ZKuaS,edb89dbd37902a521faf256741d2725391d2914d,436774
grabacion_20261005_094134_Prueba_3/captura_20261005_094146_486_22.jpg,19wU_KiH2RkCgHE6dmfJhTz46Q40DRbmE,a4c9ad1ce0cb26b8cd5b4e5da782c2407a3ebc64,412825
grabacion_20261005_094134_Prueba_3/captura_20261005_094147_027_23.jpg,1a6418TDwaVpX2LjYRDUuU2sjr3DzUrOL,00659c413da82ec883e5feb2b98cbb5b92f8074e,421550
grabacion_20261005_094134_Prueba_3/captura_20261005_094147_578_24.jpg,1BWFgfoYDwD_ti6fqBaCeSIDzdtuNUSwx,1c5671865bdac96f9f0a1f5df0bec05c1aa8e03f,428917
grabacion_20261005_094134_Prueba_3/captura_20261005_094148_128_25.jpg,1j-ul2Ok2uYhcTWsvPqtWxT1CL5oC0c80,d658d348c404ca4d7321b9f2071b3055d8510a6c,419250
grabacion_20261005_094134_Prueba_3/captura_20261005_094148_679_26.jpg,1FEb3s4OMhhIZ3T07388sEPeM6PJzsZx3,a2524e8d1317ba72ebd0f3b2aea05e782df059bc,410764
grabacion_20261005_094134_Prueba_3/captura_20261005_094149_228_27.jpg,1osf57HJN04yeYhPBvHJk3GuQ7bOotAwV,ab92977f338fadc75a75297d6fe570252154a4e6,407141
grabacion_20261005_094134_Prueba_3/captura_20261005_094149_777_28.jpg,15rzjdP7pZXcSkqfBm9DCeiBgezE2aAW3,5c027dc2d63826d6e64053401a925746c0d109cf,416878
grabacion_20261005_094134_Prueba_3/captura_20261005_094150_327_29.jpg,1R_JMRDzNnpI-q9s4Ak2PCC5pJljRhy2b,641d45bbd021b215ab574d2f0692f43cd1bb615c,395117
grabacion_20261005_094134_Prueba_3/captura_20261005_094150_874_30.jpg,12BGA6ITVfv6pd91WaHz48zko1M7_g9YA,bc2579b134ce616c7a98b5605ed880e5a2f9a9db,375069
grabacion_20261005_094134_Prueba_3/captura_20261005_094151_419_31.jpg,1HZ8nu58A9VwSNXrR0U8dKFjRy55tG02s,e3b07d4c1f12af30a806855d9cc7757989ada07d,360653
grabacion_20261005_094134_Prueba_3/captura_20261005_094151_963_32.jpg,11vNOVJ-l5oXzZHg-pQLHFwaAUAn8esdJ,a7368b410e07c05a7de1217512fd1090457fe32c,359369
grabacion_20261005_094134_Prueba_3/captura_20261005_094152_504_33.jpg,1F4M_tQTRC8vVcJsmk7esGOhm_kfj3FM5,d5824cb4d40eb6269ea3a95c155b89b1eb01fdc9,289577
grabacion_20261005_094134_Prueba_3/captura_20261005_094153_051_34.jpg,1rAxSFLAueKxejvZJJE82-RXeRUoxXSyb,dac838255148524febcb1391ef921e91d6ffea3f,280730
grabacion_20261005_094134_Prueba_3/captura_20261005_094153_592_35.jpg,1cODtvL7K_-UIrMoTww5Nd6xLbepEdiQi,b86f79201fe4ad640390a86f56af10f56b380244,271966
grabacion_20261005_094134_Prueba_3/captura_20261005_094154_138_36.jpg,1L3ofOHljQpf5-vE8Cnc0uonowmObBkNx,38d74ce85cb58c74539b0a1dc0c56c8e9717f21b,306321
grabacion_20261005_094134_Prueba_3/captura_20261005_094154_684_37.jpg,1z0GVsql5R-isyhgo50E56M8UYvaQiN_4,1d3b8f314548300c83eea25749908ff0caaccb9c,373899
grabacion_20261005_094134_Prueba_3/captura_20261005_094155_235_38.jpg,1h8w_vRF38lMYoz-2WEYNRI_Rjq4FZ3mp,a4abaa9542a48df3f22fd2597d32ae73013698fa,378231
grabacion_20261005_094134_Prueba_3/captura_20261005_094155_781_39.jpg,1uHyCanANMDtclbrkdmQL10bs5ZKqtC57,8e8ee30046c90b24c5d1f5b340465fa3b54fc843,419807
grabacion_20261005_094134_Prueba_3/captura_20261005_094156_332_40.jpg,1q4yVBkDBLDn51KmeNycMMqImZjDRvYEf,e8f9336288984f8b2549bb03f05dfa57aad33df0,440950
grabacion_20261005_094134_Prueba_3/captura_20261005_094156_879_41.jpg,1TMrHprqBM_NoLCI2daNhQzeStoj6XCwN,8cae3198514dc32c6552282a23d91e68d025c1fe,387780
grabacion_20261005_094134_Prueba_3/captura_20261005_094157_430_42.jpg,1u86IJB6zB6hGoGtYB2rog1KssGHeuYBp,ff8cf4142531f0c97cd552df49114c2360b7dff9,408763
grabacion_20261005_094134_Prueba_3/captura_20261005_094157_976_43.jpg,1AnriXAvKP0fQwWxwC1LDpO8ioHH3XRNX,e23ad371857eb60690b4d32aeb4e1b1277a1192c,371563
grabacion_20261005_094134_Prueba_3/captura_20261005_094158_528_44.jpg,1SL1KVRCs2wmDUdwjG7bW2WEJhpw9lL8F,cd25692cb6a0967ba174cec7645ff7bba8dbb8b2,267098
grabacion_20261005_094134_Prueba_3/captura_20261005_094159_073_45.jpg,1OBZacqyY0JigCc5RUEPvjuuxaTAB4FT3,f96486aa0c50242861bda5b37abbd6b033f8bd1b,222574
grabacion_20261005_094134_Prueba_3/captura_20261005_094159_634_46.jpg,1HwnPOmSCUv76sjEerufaETxNIA91Whnq,6f393354a304ff9ebee70c5cb2620fcc5e8f1fb5,250584
grabacion_20261005_094134_Prueba_3/captura_20261005_094200_181_47.jpg,1ev7uOCAIUOFvuwKUqBT48k0AXD0kxIsd,22e6768ad11bda440bba6e7a600642d58507b739,299276
grabacion_20261005_094134_Prueba_3/captura_20261005_094200_739_48.jpg,1rJD-y5D6nGTsAYjlMFJrDv0f1yUWd1t9,b5efafad1bd85978c9c01f106849c56f2bdaafd9,389104
grabacion_20261005_094134_Prueba_3/captura_20261005_094201_287_49.jpg,1_WgNCF5jk2fPaBi5hScIHDG0zD_f36va,0fe48273d8ce1f309ef11a702554b19ae482a041,380900
grabacion_20261005_094134_Prueba_3/captura_20261005_094201_836_50.jpg,1W6G_qOPM6W-1qtIB0r4NzXaordf4ZBws,8dd9272f3d8f266e87cc6da15b07732184441411,370926
grabacion_20261005_094134_Prueba_3/captura_20261005_094202_384_51.jpg,1K--ID6NhpYvGZiIHwq8Qwi6KcmlCXk7Y,a332b9edba38432dd30d9ddde734aa16c6965821,259454
grabacion_20261005_094134_Prueba_3/captura_20261005_094202_931_52.jpg,1MSqG1HagYDgHoVyxda7b_GGL5IiFhJ6t,0abcc1f2e184b63b3a4027356d462be964f521f1,262125
grabacion_20261005_094134_Prueba_3/captura_20261005_094203_528_53.jpg,1v-pAHXtqf-1DALpwNRgofFVSP3OkyzUH,6c5b55d19a798f061746f8273d2e9356c54040b9,302924
grabacion_20261005_094134_Prueba_3/captura_20261005_094204_071_54.jpg,1qKP1Tf_80yoj0XQzxC4TFWZh9UJuoBAV,fd37fd84a80fcb1750a17b3f456784ba1b9d65cc,288836
grabacion_20261005_094134_Prueba_3/captura_20261005_094204_621_55.jpg,1UI-fowo6rrvhvLdw4fAFw1WWoxoNqgP0,c552d0d503cb1dfa7c20c0b8dc87a7f32a24fde6,256192
grabacion_20261005_094134_Prueba_3/captura_20261005_094205_175_56.jpg,1knKXIyi-_65jN-dYj-tZVpFXRgwfY078,10c1986dc82f7149ee7cabcd5485a0382d3215d9,432836
grabacion_20261005_094134_Prueba_3/captura_20261005_094205_728_57.jpg,1E11uxBev4YeY6NHyRZwFbSiZKsIIcgdd,3c02482cbb96f338f2edb4b0ca64184c0df697df,419148
grabacion_20261005_094134_Prueba_3/captura_20261005_094206_278_58.jpg,1FqFvq_vivduna1J5uXWg_RuKoeItDQao,c5d41169877dddd52034f87a07b55e82f11fa635,356077
grabacion_20261005_094134_Prueba_3/captura_20261005_094206_833_59.jpg,1DVADYpQ2-lOsSB96gHllAx99fuLuZatz,6bbfdbe96506031e85fc74ece5cf4c58fbb2949c,360820
grabacion_20261005_094134_Prueba_3/captura_20261005_094207_385_60.jpg,1ThwSB-BVAqLENobB3wNSCNq8Wh3jpY1s,171c83fecc6c466a8726ec097c2434a5889770f1,377555
grabacion_20261005_094134_Prueba_3/captura_20261005_094207_944_61.jpg,1pLto3HTt5iR2SCOFRwp2Q-H9UtILaPHQ,24be51af711ff7d181a65661315264b7e500e866,523177
grabacion_20261005_094134_Prueba_3/captura_20261005_094208_496_62.jpg,13z6jewZltEhFwxHgyEWChQ09XNP9OdpA,de83cd1fe65f3c5ff273094a506895e2b5db21fe,526332
grabacion_20261005_094134_Prueba_3/registro_vial.csv,1foiBKWwlW3ILC6-9rZbiumdcNd15BGT1,b7a405a7a76d428d83b0c3604b0d430b3fbb5b99,4449
grabacion_20261005_094715_Prueba_4/20261005-094706 - Prueba 4.gpx,1bu-aGGJ2YDbrGnTxWK9J8ifob66WCDpt,b6a1475d1175f2e7f0235ce3a5a63af81cb1c333,7516
grabacion_20261005_094715_Prueba_4/20261005-094706 - Prueba 4.kml,1aduC6Cu15Uk6P1YgaYMN0Lb8cNBLCEkU,3f508705d9eb09cd57b77c977a356d3020141449,3147
grabacion_20261005_094715_Prueba_4/captura_20261005_094715_337_0.jpg,17XSK975N1i-uW9g5cUcWSpxqItWC6FkR,c9d16705dc9b4fe61f1664a5435d00cf9b13f860,605178
grabacion_20261005_094715_Prueba_4/captura_20261005_094715_896_1.jpg,1UYiMFCaQxymiUtIxbregoWlid-U20olT,3fbea33de791384bb9fe80e85664c6bf82600b6e,653311
grabacion_20261005_094715_Prueba_4/captura_20261005_094716_447_2.jpg,1kSZ0HYZ7pRi1DoHIIZdQOZ9V_W41TTY_,a22a8b1ab52ba79f2cdca3285cc9c1179b6d268e,638998
grabacion_20261005_094715_Prueba_4/captura_20261005_094717_003_3.jpg,1x359zuEW0ESJv4oGQgzaKsZwCOIndLoX,d014e8e26c86a9e3284f847e9919ed181e4bddf8,631167
grabacion_20261005_094715_Prueba_4/captura_20261005_094717_554_4.jpg,1rTg8ajNMEOCL8Nqu29CGqvVDB6TMl5Cl,fec6d023e71fdc545c3c877550732e637905cb3b,623232
grabacion_20261005_094715_Prueba_4/captura_20261005_094718_107_5.jpg,13BZM33Ki5IVleY51kun1Y3qmaMBtyr22,af54394d49ba797a8bce52e4805694c662c4bf77,627804
grabacion_20261005_094715_Prueba_4/captura_20261005_094718_646_6.jpg,1Pubs8uz9O7cALIHhWk-42PAyu-eyV_kU,b9c1866acb8354a8ee5c952e430fde48f8879b86,617068
grabacion_20261005_094715_Prueba_4/captura_20261005_094719_189_7.jpg,1J-KIIXZbGZDcbvXHQLyWM5PPOc-Hd8Ec,e5a1d3be12f5810f8b7f76942e1cc4e08397ecbe,600225
grabacion_20261005_094715_Prueba_4/captura_20261005_094719_729_8.jpg,1e8JqpG2AUbzc-PkSrGd-fCq-SOtxebaS,1f45aa0ea4c4818cadc69554ea3dadcf5fa9cb36,586112
grabacion_20261005_094715_Prueba_4/captura_20261005_094720_279_9.jpg,1upPaDl2gyEEB7tOdkcfOwRabu4Hl6Tg2,7378d76a344bbde36787148dacca4b1fe6facd74,589417
grabacion_20261005_094715_Prueba_4/captura_20261005_094720_827_10.jpg,1VLj3yrwRutWlZEzH69DSDGiNP1rS7RzH,75b7933c004876010a5698d1ed64d8f67f26753e,453991
grabacion_20261005_094715_Prueba_4/captura_20261005_094721_375_11.jpg,1q3ClWWbTAGP3_qRetUchktgsgoZJA0Ky,0dd66497f22850d424ae7ad91ee423e5e29a8b3a,413182
grabacion_20261005_094715_Prueba_4/captura_20261005_094721_930_12.jpg,1kkZAWVC1O9wCCq4gx8MochS23WfUkavp,407331cb1ef8a62e47db77466bd021aee186d488,370808
grabacion_20261005_094715_Prueba_4/captura_20261005_094722_471_13.jpg,1NuoDK2gtQ0dXh1QC7OawPey1SITMUTaY,1a2d630c6cd5f57ff99e49ac3650b30031e36792,451588
grabacion_20261005_094715_Prueba_4/captura_20261005_094723_016_14.jpg,12D0uuH0yAzSxrXD2NKFfEUBpFw5Jq_iZ,f697fd27b3516d088b1daf258107249043d407ce,463923
grabacion_20261005_094715_Prueba_4/captura_20261005_094723_570_15.jpg,1oiitbs22UOyUoNAeNMpkUFyE0iPKcqqB,4f32f05ffb1857d175162667647054f6146c178d,482074
grabacion_20261005_094715_Prueba_4/captura_20261005_094724_115_16.jpg,1nAPQ5gL26rchGASHUCP-_MfaDvFjBhzL,8f5bbde07c14f01d065d07678dc673ffaceaa545,521159
grabacion_20261005_094715_Prueba_4/captura_20261005_094724_664_17.jpg,1h6IJPbNaIGIujbeL59PQLmKB5p74dlPz,5bc31e6de4194dd7d9b37a980695ad0c6c1325f1,514957
grabacion_20261005_094715_Prueba_4/captura_20261005_094725_219_18.jpg,1ss_XLqYGcE9HLE4azmoZIN73KmnauF_k,ba7b92023bafe56ed4d26f3dec80bcde5e4a3572,386422
grabacion_20261005_094715_Prueba_4/captura_20261005_094725_764_19.jpg,1Dfo7WM8lmDMd46AzzXibWiUArOxyqJ6G,4ab9b5799bc6f2dacc87d92b1f326dbf990df5ed,383510
grabacion_20261005_094715_Prueba_4/captura_20261005_094726_312_20.jpg,1D-5qRpge77DHRgjUerocUC4ae4OodQt4,ac1806f0bec12e0e5a9724934697130d169d9ba4,331939
grabacion_20261005_094715_Prueba_4/captura_20261005_094726_862_21.jpg,11fs1UdRjj0oc-5ZeIc-dgCG3T559Ckkb,63c7d73f58af520759233ec8f8c32b46e58545bf,274066
grabacion_20261005_094715_Prueba_4/captura_20261005_094727_410_22.jpg,12V_8tZMXEogwIWDnu6IDGMim7VMebz0v,2875808bde08c382a078d4eb56f2490f374b7f7d,282868
grabacion_20261005_094715_Prueba_4/captura_20261005_094727_954_23.jpg,11pin1LO7SZfhiNDlblCHgp9zgLHgf7Iz,59090d73cdde72f15ffbc4662f6d7c9069a953a0,310639
grabacion_20261005_094715_Prueba_4/captura_20261005_094728_501_24.jpg,1z94ufVwXOmAC3fqXD5gHLfr9jeqIfIl2,9523c4896d314f4bfad98d37aa88db5702e88640,341133
grabacion_20261005_094715_Prueba_4/captura_20261005_094729_048_25.jpg,1Q47cBdy6dKW90vbOhQ2nyNVHD5HhBebk,a0d5449d4e6f85f075023f53b9b641ec2101474f,352399
grabacion_20261005_094715_Prueba_4/captura_20261005_094729_596_26.jpg,1kwOzJw8xJFDVAiCFSDvVft1BqCX2eP-t,c5ed8feced3c36713846cf7887061ae2bbecd63c,461849
grabacion_20261005_094715_Prueba_4/captura_20261005_094730_150_27.jpg,1WB5pIyiypk8b3ip5VM4tfzCWgb1HWJcz,2bac3eea8757cb018bc9647b499053f2079722e2,479371
grabacion_20261005_094715_Prueba_4/captura_20261005_094730_705_28.jpg,1QCLBWlggcUJ8c-bs7ir-KJfc8Yzd-FlZ,7c330105c4cfbdbabbcd1d8b4a6aef419842c0d3,423107
grabacion_20261005_094715_Prueba_4/captura_20261005_094731_257_29.jpg,1eOQMjw7ApYQjQudB_13sds8WAeFQbU8T,e9069d767948b00770c98bff3e28c52ce55f4140,384872
grabacion_20261005_094715_Prueba_4/captura_20261005_094731_809_30.jpg,1EibrSkMbSIsXxsjO5diYUBlk8FRnmjdh,03443d234b973c5b7bf46eb7741634978178cfcc,350205
grabacion_20261005_094715_Prueba_4/captura_20261005_094732_355_31.jpg,1R-YGOIYSgBxyHFolhjxrFUUcPgNOZstV,4bb276d8847be5587238905ae06fe1d7ea77576c,318733
grabacion_20261005_094715_Prueba_4/captura_20261005_094732_902_32.jpg,1fxvdClh08Dy3RO66SJL4xm9OLE2--r7D,47b9fdfedd6141c30fa5b750e4c214d315236c54,273030
grabacion_20261005_094715_Prueba_4/captura_20261005_094733_448_33.jpg,1um80kARDfUr0zwttDcXGbUMmDQ1M7e_k,774a6bae7ac2b89700483df591e5ed0cd904da59,281961
grabacion_20261005_094715_Prueba_4/captura_20261005_094733_985_34.jpg,1a2iJxvZFwla12ChjhQaxfVG9y3wyrBu0,cbb8e9dae8a81aa10fc171ce2a3d2421540ad7ee,327900
grabacion_20261005_094715_Prueba_4/captura_20261005_094734_523_35.jpg,1r0aFUUee2jSdWOYE5siLzao_MEBQJjXO,ca1b4f51fa46d1768b226836fafc6e3d1b806b4f,324883
grabacion_20261005_094715_Prueba_4/captura_20261005_094735_066_36.jpg,1B_qB6j5zsfXDbxjq9QiO6Ya25hZMoXDi,97323a5943e920468f93bfaa5f1a089f87b906b7,319815
grabacion_20261005_094715_Prueba_4/captura_20261005_094735_609_37.jpg,1EBqSKWptTPd_hwni445c11FHxjcXZz5E,d4378b95c567c8a087648fb749baa410980b9e43,278046
grabacion_20261005_094715_Prueba_4/captura_20261005_094736_151_38.jpg,1aih-Si23_SxLjueC7sWLHO6QNP5j1cli,6a3289fa67171f84662f4f4119ad972012f85449,365334
grabacion_20261005_094715_Prueba_4/captura_20261005_094736_682_39.jpg,1zKzV1-kdH8pb_ISVzpMdfV6MFTcvMAYM,82afa9e8ed4355b31661faee5a1d5590a13a5d81,382159
grabacion_20261005_094715_Prueba_4/captura_20261005_094737_216_40.jpg,1e5zwraNIZ7Q-_sC9cLmqmdMLI1li6oAW,590f2421eee9241472a381b8585e67483576e063,431111
grabacion_20261005_094715_Prueba_4/captura_20261005_094737_758_41.jpg,1tW2okiPi1UAmUb-Yn9abOqUSEickmvwy,358de1547786c0443f9df5d732a76c720d1bd922,433798
grabacion_20261005_094715_Prueba_4/captura_20261005_094738_296_42.jpg,1K5wRz6LFOWOkOarmCzGNC4cp_BizGvTm,a916745b969276d6ce7ec6cfcdfba69a1f156625,430615
grabacion_20261005_094715_Prueba_4/captura_20261005_094738_833_43.jpg,1wVyG5UH_p2ru508SuoiP8VIRfuaffERg,f05c627c4bac4bddb2153697bda798ab14d2da23,432030
grabacion_20261005_094715_Prueba_4/captura_20261005_094739_374_44.jpg,1XOV8IL3qUQ2on-9-lokllvguoUpaZLo5,2c06fe7601cfd0a9cb69e5f76caa3e0644a19f38,486994
grabacion_20261005_094715_Prueba_4/captura_20261005_094739_920_45.jpg,1Et-XWEL3ER-2DLj6ZS8Wr6xkE8RwyKD_,ed999ea5b02c376ca70ad6caedb6d90d3aced579,486785
grabacion_20261005_094715_Prueba_4/captura_20261005_094740_474_46.jpg,1LmB-okS5b1mJscUN0gFnsPI64_gTWiax,ec4b7e9a9843003a30194de9442a4712e6457e4e,454060
grabacion_20261005_094715_Prueba_4/captura_20261005_094741_027_47.jpg,18IsU5PjVa2eQjgjPzOTb7b0fdzpnypXG,02b896d0d028a35356e802df8f1d4adf50008f31,442065
grabacion_20261005_094715_Prueba_4/captura_20261005_094741_589_48.jpg,1ZpbAG09mfmfSPAZl0kwIphFhscFUXZgd,bae00880f8537cf7ba56bf6fbd4f8f30f52e9854,528355
grabacion_20261005_094715_Prueba_4/captura_20261005_094742_146_49.jpg,17NHa6Q6vKzal_ZW5WJd7RFgbg2Betuwf,b6bcd8c5f2896c9ccffc72dd535d08615e010b19,517982
grabacion_20261005_094715_Prueba_4/captura_20261005_094742_707_50.jpg,1fq14ADIFUQ3PpxMxBxF93Qzt99qdyikS,5d09c0dcad840f21ef56cd654ed22696ce769998,507506
grabacion_20261005_094715_Prueba_4/captura_20261005_094743_260_51.jpg,1964thrvJsQOVoDLzawST5xVTNkzelowP,4f1435c7a7a6af1c5bd729768bfde1b11f06cf3a,506839
grabacion_20261005_094715_Prueba_4/captura_20261005_094743_806_52.jpg,1-2Y1VwxXi31Q4La_4-sBZxSEM4QIjsTQ,22ae2d65e372ca48f6bd3758df77dd30383a6b27,491587
grabacion_20261005_094715_Prueba_4/captura_20261005_094744_365_53.jpg,1Wu18axqFEKMOb1flM5l2GeM5-G0MKSIC,e6e0818a6fab1c9331c1eb15daaece1fc2933c05,490926
grabacion_20261005_094715_Prueba_4/captura_20261005_094744_915_54.jpg,1qezMg7EakdbXIDHZd1vTSXQ3kp2soLOc,dd1bc1b5456c3a4ca742e8b2cdcb9e599c47d421,483679
grabacion_20261005_094715_Prueba_4/captura_20261005_094745_464_55.jpg,1GV8Ms5Kkf7Ld03pfLUWY0zJZALWmdnRr,50d082913d4c0fcb30be410203abd2ae32b97421,513292
grabacion_20261005_094715_Prueba_4/captura_20261005_094746_013_56.jpg,1YiXXT-FLz9ORfgBX_oj12pe_gJMsbXzE,ff8cf17cc356e428fb5a16f5b962ccf2ad6c893b,514251
grabacion_20261005_094715_Prueba_4/captura_20261005_094746_577_57.jpg,1RxeBEMkbG6dbOCcUMpAGW6nsAwQ6mdgC,17447ee8fea13ab4fd276b325ad00319f6523cbc,543107
grabacion_20261005_094715_Prueba_4/captura_20261005_094747_127_58.jpg,12B_jfcjktw8l4seORw6ojzngox64zcRW,699a75fb26cf07b979ac28a617749dc0a3db27a2,552185
grabacion_20261005_094715_Prueba_4/registro_vial.csv,1dp5XZOSpqDeFbUYApiCmiXjURFKVOJaq,9abba634746db2dfaa6505aff8f1610f28f61806,4169
"tomadedatos/Tiempo_ms,Distancia_cm,ProfundidadB1.txt",1r9-SlQI-tDfULDri6UsjoF9p8Z0Jx_Sn,69ad8a47ff272ad3eff8deac920fcd564a65129d,1070
"tomadedatos/Tiempo_ms,Distancia_cm,ProfundidadB2.txt",10TG5YIBlB5XT9lXWqyGgPKV80PmOdogs,2fb62ff5d2c7cf966bf8acf8ddf6b7fc88175a9a,2048
"tomadedatos/Tiempo_ms,Distancia_cm,ProfundidadB3.txt",10Ls8CdUBNNU4gu-kP_0p-B9RH9vc1ZMg,ab9c7b2d176c73de1cd782b17a2b27a1af09c392,989
