image_id,piel_cocodrilo,bache,grieta,parche,nota
captura_20261005_094742_707_50,0,0,0,0,mancha oscura sobre parche; sin daño visible
captura_20261005_094743_260_51,0,0,0,0,igual a la anterior
captura_20261005_094745_464_55,0,0,1,1,parche con fisuras leves
captura_20261005_094206_278_58,0,0,1,0,fisura corta junto al bordillo
captura_20261005_094202_931_52,1,0,1,0,piel de cocodrilo clara junto al bordillo
captura_20261005_094156_332_40,1,0,1,0,piel de cocodrilo junto al bordillo (modo campo no la conserva)
captura_20261005_094205_175_56,0,0,0,0,borde del andén; sin daño
captura_20261005_094139_959_10,1,1,1,0,pavimento desprendido en la parte inferior
captura_20261005_094141_053_12,1,0,1,0,fisuras ramificadas en la parte inferior
captura_20261005_094136_103_3,1,1,1,0,piel de cocodrilo severa y desprendimientos
captura_20261005_094137_229_5,1,1,1,0,piel de cocodrilo severa
captura_20261005_093825_636_45,0,0,1,0,fisura leve junto al bordillo
captura_20261005_093803_073_5,0,0,1,0,junta transversal deteriorada; la caja de la derecha es sombra
captura_20261005_093813_010_22,0,0,1,0,junta transversal deteriorada
captura_20261005_093811_141_19,0,0,1,0,junta transversal deteriorada; caja de sombra a la derecha
captura_20261005_094151_963_32,0,0,1,0,fisuras junto al bordillo
captura_20261005_094155_235_38,1,0,1,0,zona fisurada junto al bordillo (modo campo no la conserva)
captura_20261005_094148_128_25,0,0,0,0,sin daño visible
captura_20261005_093831_711_56,0,0,0,1,parche rectangular de asfalto oscuro: el detector lo marca como piel de cocodrilo
captura_20261005_093836_140_64,0,0,0,1,parche rectangular
captura_20261005_093837_360_66,0,0,0,1,parche rectangular
captura_20261005_094732_355_31,0,0,0,0,sin daño visible
captura_20261005_094734_523_35,1,0,1,0,zona fisurada junto al bordillo
captura_20261005_094731_809_30,0,0,0,0,sin daño visible
captura_20261005_094728_501_24,0,0,1,0,junta transversal deteriorada y fisura longitudinal
captura_20261005_094724_664_17,0,0,1,0,junta transversal deteriorada
captura_20261005_094718_107_5,1,0,1,0,junta deteriorada y piel de cocodrilo en la parte inferior
captura_20261005_094724_115_16,0,0,1,0,junta transversal deteriorada
captura_20261005_094740_474_46,0,0,0,1,parche rectangular: el detector lo marca como piel de cocodrilo
captura_20261005_094736_682_39,1,0,1,0,zona fisurada junto al bordillo
captura_20261005_094741_027_47,0,0,0,1,parche rectangular marcado como piel de cocodrilo
