image_id,prueba,id_via,tramo,timestamp,lat,lon,sat,gps_dt_s,t_norm,profundidad_cm,profundidad_cm_base40,severidad_bache_astm,brillo,contraste,nitidez,jpeg_kb,borrosa,sobreexpuesta,max_conf,max_conf_campo,n_detecciones_tau,n_detecciones_campo,conf_media_tau,pci_det,pci_campo,hash_imagen,n_D00,maxconf_D00,n_D10,maxconf_D10,n_D20,maxconf_D20,n_D40,maxconf_D40,ncampo_D00,maxconfcampo_D00,ncampo_D10,maxconfcampo_D10,ncampo_D20,maxconfcampo_D20,ncampo_D40,maxconfcampo_D40
captura_20261005_093800_326_0,Prueba_2,VIA-6a8c7dd60e98,0,2026-10-05 14:38:00.326000+00:00,4.6002,-74.0717,20,0.3270,0.0000,0.3000,10.3000,L,119.2996,45.5057,783.3187,419.8408,True,False,0.0989,0.0000,3.0000,0,0.0812,73.8833,100.0000,3912513607165685d612eba51ebce101223a5e5b,0.0000,0.0000,3.0000,0.0989,0.0000,0.0000,0.0000,0.0466,0,0.0000,0,0.0000,0,0.0000,0,0.0000
captura_20261005_093800_897_1,Prueba_2,VIA-6a8c7dd60e98,0,2026-10-05 14:38:00.897000+00:00,4.6002,-74.0717,20,0.1020,0.0150,0.3000,10.3000,L,120.0396,46.0921,778.1633,408.6348,True,False,0.1331,0.0000,9.0000,0,0.0772,9.4975,100.0000,545125f916cc5b3695fc35fa841c0c0f560b2809,0.0000,0.0000,4.0000,0.0854,0.0000,0.0391,5.0000,0.1331,0,0.0000,0,0.0000,0,0.0000,0,0.0000
captura_20261005_093801_438_2,Prueba_2,VIA-6a8c7dd60e98,0,2026-10-05 14:38:01.438000+00:00,4.6002,-74.0717,20,0.4390,0.0291,0.3000,10.3000,L,120.6936,46.5562,777.5529,405.0908,True,False,0.1117,0.0000,4.0000,0,0.0785,37.9511,100.0000,29c441cec010e0864958f4940f72f7b4d296da84,0.0000,0.0000,2.0000,0.0607,0.0000,0.0608,2.0000,0.1117,0,0.0000,0,0.0000,0,0.0000,0,0.0000
captura_20261005_093801_987_3,Prueba_2,VIA-6a8c7dd60e98,0,2026-10-05 14:38:01.987000+00:00,4.6002,-74.0717,22,0.0120,0.0435,0.1000,10.1000,L,120.8190,46.5442,778.3262,397.4541,True,False,0.3536,0.0000,5.0000,0,0.1720,34.8867,100.0000,c02d9ef4d0ec15498ddaa6c753c792ad2573f5e1,0.0000,0.0000,2.0000,0.0622,0.0000,0.0473,3.0000,0.3536,0,0.0000,0,0.0000,0,0.0000,0,0.0000
captura_20261005_093802_521_4,Prueba_2,VIA-6a8c7dd60e98,0,2026-10-05 14:38:02.521000+00:00,4.6002,-74.0717,24,0.4780,0.0575,0.1000,10.1000,L,120.9757,46.2850,783.4556,403.7646,True,False,0.1322,0.0000,5.0000,0,0.0921,37.3310,100.0000,64885eba0ef3eccca2f9dfdb6a8f3cb6ff143dc0,0.0000,0.0000,3.0000,0.1052,0.0000,0.0188,2.0000,0.1322,0,0.0000,0,0.0000,0,0.0000,0,0.0000
captura_20261005_093803_073_5,Prueba_2,VIA-6a8c7dd60e98,0,2026-10-05 14:38:03.073000+00:00,4.6002,-74.0717,24,0.0740,0.0720,0.1000,10.1000,L,121.0860,46.0056,784.9159,407.9766,True,False,0.1121,0.0000,5.0000,0,0.0862,25.1650,100.0000,878a5caaa554aff72a36ac5a111dcc9a91a7a106,0.0000,0.0000,3.0000,0.1076,0.0000,0.0221,2.0000,0.1121,0,0.0000,0,0.0000,0,0.0000,0,0.0000
captura_20261005_093803_611_6,Prueba_2,VIA-6a8c7dd60e98,0,2026-10-05 14:38:03.611000+00:00,4.6002,-74.0717,25,0.3880,0.0861,,,,121.0709,45.9211,785.0045,400.8242,True,False,0.1221,0.0000,4.0000,0,0.0891,27.1625,100.0000,1059ac7a032b854cafa490d306eddcd987fe550d,0.0000,0.0000,3.0000,0.1221,0.0000,0.0182,1.0000,0.1091,0,0.0000,0,0.0000,0,0.0000,0,0.0000
captura_20261005_093804_147_7,Prueba_2,VIA-6a8c7dd60e98,0,2026-10-05 14:38:04.147000+00:00,4.6002,-74.0717,25,0.1480,0.1001,,,,121.0303,45.8987,786.0355,402.3604,True,False,0.0908,0.0000,3.0000,0,0.0668,75.2952,100.0000,43bf33ac2ae76841b825d7086ac07966d7b69c94,0.0000,0.0000,3.0000,0.0908,0.0000,0.0115,0.0000,0.0446,0,0.0000,0,0.0000,0,0.0000,0,0.0000
captura_20261005_093804_691_8,Prueba_2,VIA-6a8c7dd60e98,0,2026-10-05 14:38:04.691000+00:00,4.6002,-74.0717,21,0.3080,0.1144,,,,121.0236,45.6340,779.3461,406.5693,True,False,0.1475,0.0000,3.0000,0,0.0926,56.3813,100.0000,94d357eba22a1ec9354e5ff8e4085c1f7e8ce4fd,0.0000,0.0000,2.0000,0.0682,0.0000,0.0193,1.0000,0.1475,0,0.0000,0,0.0000,0,0.0000,0,0.0000
captura_20261005_093805_238_9,Prueba_2,VIA-6a8c7dd60e98,0,2026-10-05 14:38:05.238000+00:00,4.6002,-74.0717,21,0.2390,0.1287,-0.2600,9.7400,,119.5171,45.7077,774.2156,437.6475,True,False,0.1072,0.0000,3.0000,0,0.0826,19.9735,100.0000,4c421492680ef9766f8ddaa6e6ca0b9280d1f70d,0.0000,0.0000,1.0000,0.0574,0.0000,0.0152,2.0000,0.1072,0,0.0000,0,0.0000,0,0.0000,0,0.0000
captura_20261005_093805_792_10,Prueba_2,VIA-6a8c7dd60e98,0,2026-10-05 14:38:05.792000+00:00,4.6002,-74.0717,24,0.2070,0.1432,0.1100,10.1100,L,118.4848,45.8848,762.3915,437.3633,True,False,0.0927,0.0000,4.0000,0,0.0638,26.1430,100.0000,82b1cf6fec5947b4dccd83b69d2654cbf4b31c29,0.0000,0.0000,3.0000,0.0648,0.0000,0.0000,1.0000,0.0927,0,0.0000,0,0.0000,0,0.0000,0,0.0000
captura_20261005_093806_338_11,Prueba_2,VIA-6a8c7dd60e98,0,2026-10-05 14:38:06.338000+00:00,4.6002,-74.0717,24,0.3390,0.1575,0.1100,10.1100,L,117.5642,45.8979,756.7496,437.1748,True,False,0.1293,0.0000,4.0000,0,0.0887,26.2962,100.0000,b303dff39096866416b98118e7ad9049cb5902b1,0.0000,0.0000,2.0000,0.0759,0.0000,0.0000,2.0000,0.1293,0,0.0000,0,0.0000,0,0.0000,0,0.0000
captura_20261005_093806_892_12,Prueba_2,VIA-6a8c7dd60e98,0,2026-10-05 14:38:06.892000+00:00,4.6002,-74.0717,24,0.1070,0.1720,0.1100,10.1100,L,117.1261,45.9548,749.8982,422.1162,True,False,0.1107,0.0000,5.0000,0,0.0801,25.7215,100.0000,e979d7bec420dc0854616c2c17ec42e651837274,0.0000,0.0000,4.0000,0.1107,0.0000,0.0294,1.0000,0.0949,0,0.0000,0,0.0000,0,0.0000,0,0.0000
captura_20261005_093807_437_13,Prueba_2,VIA-6a8c7dd60e98,0,2026-10-05 14:38:07.437000+00:00,4.6002,-74.0717,24,0.4380,0.1863,0.1100,10.1100,L,116.7283,45.8772,748.1477,423.5811,True,False,0.1042,0.0000,5.0000,0,0.0812,37.0477,100.0000,b5892f6a0261b8a3129281843df647056b667742,0.0000,0.0000,3.0000,0.1042,0.0000,0.0000,2.0000,0.0937,0,0.0000,0,0.0000,0,0.0000,0,0.0000
captura_20261005_093807_991_14,Prueba_2,VIA-6a8c7dd60e98,0,2026-10-05 14:38:07.991000+00:00,4.6002,-74.0717,23,0.0080,0.2008,-0.1600,9.8400,,116.9927,42.7106,878.8085,439.1836,True,False,0.1768,0.0000,3.0000,0,0.0882,27.0983,100.0000,b180cd81b5b341c43a0098490d76aeef81f4c2a2,0.0000,0.0000,2.0000,0.0453,0.0000,0.0191,1.0000,0.1768,0,0.0000,0,0.0000,0,0.0000,0,0.0000
captura_20261005_093808_551_15,Prueba_2,VIA-6a8c7dd60e98,0,2026-10-05 14:38:08.551000+00:00,4.6002,-74.0717,22,0.4480,0.2155,-0.2100,9.7900,,118.1722,42.3268,892.5825,450.9902,True,False,0.1198,0.0000,5.0000,0,0.0738,22.4046,100.0000,eac2448380353edbaca23a75fea45aa39a824e1c,0.0000,0.0000,3.0000,0.0636,0.0000,0.0462,2.0000,0.1198,0,0.0000,0,0.0000,0,0.0000,0,0.0000
captura_20261005_093809_097_16,Prueba_2,VIA-6a8c7dd60e98,0,2026-10-05 14:38:09.097000+00:00,4.6002,-74.0717,22,0.0980,0.2298,-0.2100,9.7900,,119.4678,42.1186,884.5793,450.4033,True,False,0.1382,0.0000,4.0000,0,0.0774,18.1687,100.0000,a189954bc79e91a4f687e5d9449c4f3a0affc1f1,0.0000,0.0000,2.0000,0.0524,0.0000,0.0000,2.0000,0.1382,0,0.0000,0,0.0000,0,0.0000,0,0.0000
captura_20261005_093809_650_17,Prueba_2,VIA-6a8c7dd60e98,0,2026-10-05 14:38:09.650000+00:00,4.6002,-74.0717,22,0.3490,0.2443,-0.2100,9.7900,,121.1454,41.9773,899.8632,450.4238,True,False,0.0971,0.0000,6.0000,0,0.0813,16.5125,100.0000,6f99195b78fd44c69e9322b8edeec6a88d9ad852,0.0000,0.0000,3.0000,0.0885,0.0000,0.0346,3.0000,0.0971,0,0.0000,0,0.0000,0,0.0000,0,0.0000
captura_20261005_093810_201_18,Prueba_2,VIA-6a8c7dd60e98,0,2026-10-05 14:38:10.201000+00:00,4.6002,-74.0717,22,0.2020,0.2587,-0.2100,9.7900,,122.0664,41.5467,908.6475,445.4033,True,False,0.0717,0.0000,3.0000,0,0.0597,27.4053,100.0000,60f9bbfe09b5aff6d3d8dd8c3b2b25c3cc370612,0.0000,0.0000,2.0000,0.0589,0.0000,0.0152,1.0000,0.0717,0,0.0000,0,0.0000,0,0.0000,0,0.0000
captura_20261005_093811_141_19,Prueba_2,VIA-6a8c7dd60e98,0,2026-10-05 14:38:11.141000+00:00,4.6002,-74.0717,23,0.1420,0.2833,0.2500,10.2500,L,123.1048,41.3254,917.5370,448.0215,False,False,0.0887,0.0000,2.0000,0,0.0770,28.9622,100.0000,ea2a7a7245cf5870d336fd1fdcd3f363f0fc3afc,0.0000,0.0000,1.0000,0.0653,0.0000,0.0675,1.0000,0.0887,0,0.0000,0,0.0000,0,0.0000,0,0.0000
captura_20261005_093811_930_20,Prueba_2,VIA-6a8c7dd60e98,0,2026-10-05 14:38:11.930000+00:00,4.6002,-74.0717,23,0.0690,0.3040,0.2500,10.2500,L,123.5959,41.4627,920.7543,433.8818,False,False,0.1118,0.0000,5.0000,0,0.0732,17.2495,100.0000,4edca76e8a8b834b4f89decedeae508fb4eddbd7,0.0000,0.0000,3.0000,0.0719,0.0000,0.0384,2.0000,0.1118,0,0.0000,0,0.0000,0,0.0000,0,0.0000
captura_20261005_093812_473_21,Prueba_2,VIA-6a8c7dd60e98,0,2026-10-05 14:38:12.473000+00:00,4.6002,-74.0717,23,0.4740,0.3182,0.3500,10.3500,L,124.1435,41.7570,921.0142,425.5742,False,False,0.0661,0.0000,3.0000,0,0.0546,79.9548,100.0000,c05f6eff362f8bd76606d334cefc68a31f725409,0.0000,0.0000,3.0000,0.0623,0.0000,0.0252,0.0000,0.0661,0,0.0000,0,0.0000,0,0.0000,0,0.0000
captura_20261005_093813_010_22,Prueba_2,VIA-6a8c7dd60e98,0,2026-10-05 14:38:13.010000+00:00,4.6002,-74.0717,19,0.0110,0.3323,0.3500,10.3500,L,124.6975,42.0352,935.2112,417.4385,False,False,0.0620,0.0000,3.0000,0,0.0549,73.7567,100.0000,519925f257ee08753ba49713e579fd99d855e992,0.0000,0.0000,3.0000,0.0613,0.0000,0.0540,0.0000,0.0620,0,0.0000,0,0.0000,0,0.0000,0,0.0000
captura_20261005_093813_555_23,Prueba_2,VIA-6a8c7dd60e98,0,2026-10-05 14:38:13.555000+00:00,4.6002,-74.0717,23,0.4440,0.3466,0.3500,10.3500,L,124.7249,42.1143,959.4928,410.4141,False,False,0.1230,0.0000,4.0000,0,0.0777,26.2504,100.0000,c6ccd4fe1e22dbf55a8c32d7fb8da7cefae48219,0.0000,0.0000,2.0000,0.0488,0.0000,0.0403,2.0000,0.1230,0,0.0000,0,0.0000,0,0.0000,0,0.0000
captura_20261005_093814_093_24,Prueba_2,VIA-6a8c7dd60e98,0,2026-10-05 14:38:14.093000+00:00,4.6002,-74.0717,23,0.0940,0.3607,0.3500,10.3500,L,124.6695,41.8626,962.8571,425.8359,False,False,0.2170,0.0000,2.0000,0,0.1298,58.0475,100.0000,5f0ced9e33807e6077c21ea712153391c2f2fc7f,0.0000,0.0000,1.0000,0.0426,0.0000,0.0364,1.0000,0.2170,0,0.0000,0,0.0000,0,0.0000,0,0.0000
captura_20261005_093814_628_25,Prueba_2,VIA-6a8c7dd60e98,0,2026-10-05 14:38:14.628000+00:00,4.6002,-74.0717,24,0.3710,0.3747,0.3500,10.3500,L,124.2123,41.9107,953.6622,425.4512,False,False,0.0956,0.0000,1.0000,0,0.0956,43.4451,100.0000,16c5de85de3b106032ff59bcf8d436d9ec844c80,0.0000,0.0000,0.0000,0.0326,1.0000,0.0956,0.0000,0.0252,0,0.0000,0,0.0000,0,0.0000,0,0.0000
captura_20261005_093815_167_26,Prueba_2,VIA-6a8c7dd60e98,0,2026-10-05 14:38:15.167000+00:00,4.6002,-74.0717,24,0.1680,0.3888,,,,123.8459,42.0076,956.0294,410.8516,False,False,0.0975,0.0000,1.0000,0,0.0975,54.5722,100.0000,5f62da2e8fe2cb096d3a344ab40d7ca857427451,0.0000,0.0000,0.0000,0.0179,1.0000,0.0975,0.0000,0.0674,0,0.0000,0,0.0000,0,0.0000,0,0.0000
captura_20261005_093815_705_27,Prueba_2,VIA-6a8c7dd60e98,0,2026-10-05 14:38:15.705000+00:00,4.6002,-74.0717,23,0.2940,0.4029,,,,123.4905,41.8336,970.1815,414.7178,False,False,0.1020,0.0000,2.0000,0,0.0910,33.9737,100.0000,6334b09b895cc703a701380656752d67f768a920,0.0000,0.0000,0.0000,0.0284,0.0000,0.0177,2.0000,0.1020,0,0.0000,0,0.0000,0,0.0000,0,0.0000
captura_20261005_093816_243_28,Prueba_2,VIA-6a8c7dd60e98,0,2026-10-05 14:38:16.243000+00:00,4.6002,-74.0717,23,0.2440,0.4170,,,,123.0677,41.7568,957.3083,407.9150,False,False,0.1168,0.0000,3.0000,0,0.1035,16.6640,100.0000,e21332de887049b01a4bbe7637d7cfca021bbeda,0.0000,0.0000,0.0000,0.0310,2.0000,0.1168,1.0000,0.0797,0,0.0000,0,0.0000,0,0.0000,0,0.0000
captura_20261005_093816_782_29,Prueba_2,VIA-6a8c7dd60e98,0,2026-10-05 14:38:16.782000+00:00,4.6002,-74.0717,23,0.2170,0.4311,1.9800,11.9800,L,122.7230,42.1824,969.1428,428.4473,False,False,0.2480,0.0000,3.0000,0,0.1539,32.7426,100.0000,1d28acc0f679866ba82ca3fd690a834f66dd8e0c,0.0000,0.0000,0.0000,0.0395,0.0000,0.0311,3.0000,0.2480,0,0.0000,0,0.0000,0,0.0000,0,0.0000
captura_20261005_093817_337_30,Prueba_2,VIA-6a8c7dd60e98,0,2026-10-05 14:38:17.337000+00:00,4.6002,-74.0717,23,0.3380,0.4457,1.9800,11.9800,L,143.1260,27.3630,1128.8669,477.4199,False,False,0.1585,0.0000,4.0000,0,0.0871,32.2319,100.0000,0e1a8b43955518d3dffd6b7b194589738669f162,0.0000,0.0484,2.0000,0.0588,0.0000,0.0596,2.0000,0.1585,0,0.0000,0,0.0000,0,0.0000,0,0.0000
captura_20261005_093817_886_31,Prueba_2,VIA-6a8c7dd60e98,0,2026-10-05 14:38:17.886000+00:00,4.6002,-74.0717,24,0.1130,0.4600,1.9800,11.9800,L,144.4080,28.1390,1103.4812,454.0039,False,False,0.1280,0.0000,5.0000,0,0.0784,27.4361,100.0000,79387a96efbaf0c74467a0108e35c40084af6d12,0.0000,0.0276,2.0000,0.0458,0.0000,0.0337,3.0000,0.1280,0,0.0000,0,0.0000,0,0.0000,0,0.0000
captura_20261005_093818_429_32,Prueba_2,VIA-6a8c7dd60e98,0,2026-10-05 14:38:18.429000+00:00,4.6002,-74.0717,24,0.4300,0.4743,1.9800,11.9800,L,146.2566,29.3631,1019.3428,352.5967,False,False,0.1244,0.0000,5.0000,0,0.0683,23.0586,100.0000,746990ea091213f780edacd4840b1ccb740add0c,0.0000,0.0123,3.0000,0.0462,1.0000,0.1244,1.0000,0.0834,0,0.0000,0,0.0000,0,0.0000,0,0.0000
captura_20261005_093818_984_33,Prueba_2,VIA-6a8c7dd60e98,0,2026-10-05 14:38:18.984000+00:00,4.6002,-74.0717,22,0.0150,0.4888,0.1000,10.1000,L,147.1524,29.9821,1136.7377,383.0283,False,False,0.1449,0.0000,7.0000,0,0.0852,19.4417,100.0000,4c10dcd0c1586f4fc516005e3624fb3579ce739e,0.0000,0.0489,4.0000,0.0767,2.0000,0.1449,1.0000,0.0898,0,0.0000,0,0.0000,0,0.0000,0,0.0000
captura_20261005_093819_534_34,Prueba_2,VIA-6a8c7dd60e98,0,2026-10-05 14:38:19.534000+00:00,4.6002,-74.0717,24,0.4650,0.5032,0.1000,10.1000,L,147.5143,39.3676,1633.2866,492.3076,False,False,0.2610,0.2610,1.0000,1,0.2610,55.1874,55.1874,e8ac6f536b768e095295d6d4541653fe03268243,0.0000,0.0000,0.0000,0.0216,1.0000,0.2610,0.0000,0.0172,0,0.0000,0,0.0000,1,0.2610,0,0.0000
captura_20261005_093820_086_35,Prueba_2,VIA-6a8c7dd60e98,0,2026-10-05 14:38:20.086000+00:00,4.6002,-74.0717,24,0.0870,0.5177,0.1000,10.1000,L,145.0871,39.4676,1668.2410,512.6074,False,False,0.4382,0.4382,2.0000,1,0.2559,33.4866,53.8273,4e94ad5c47d628f76b0e1efba6ba9a459152590e,0.0000,0.0000,0.0000,0.0184,1.0000,0.4382,1.0000,0.0735,0,0.0000,0,0.0000,1,0.4382,0,0.0000
captura_20261005_093820_639_36,Prueba_2,VIA-6a8c7dd60e98,0,2026-10-05 14:38:20.639000+00:00,4.6002,-74.0717,21,0.3600,0.5322,0.1000,10.1000,L,142.8960,39.5903,1661.9447,517.0430,False,False,0.4705,0.4705,1.0000,1,0.4705,53.9154,53.9154,ace4cb5b5a5a98c6a1a3fa6dcfc1ff0dea39e778,0.0000,0.0000,0.0000,0.0109,1.0000,0.4705,0.0000,0.0000,0,0.0000,0,0.0000,1,0.4705,0,0.0000
captura_20261005_093821_189_37,Prueba_2,VIA-6a8c7dd60e98,0,2026-10-05 14:38:21.189000+00:00,4.6003,-74.0717,21,0.1900,0.5466,0.1000,10.1000,L,141.0656,39.7314,1668.1111,526.8555,False,False,0.4458,0.4458,1.0000,1,0.4458,53.8766,53.8766,d9a6cc8d5b299e4968bc8c4bc5de816b9cc3e54a,0.0000,0.0000,0.0000,0.0156,1.0000,0.4458,0.0000,0.0337,0,0.0000,0,0.0000,1,0.4458,0,0.0000
captura_20261005_093821_757_38,Prueba_2,VIA-6a8c7dd60e98,0,2026-10-05 14:38:21.757000+00:00,4.6003,-74.0717,20,0.2420,0.5615,0.1000,10.1000,L,129.6674,49.1708,1663.2483,396.1543,False,False,0.0888,0.0000,0.0000,0,,100.0000,100.0000,7f478d1d4d6508e6d4bf1774348ee3e7a0857c57,0.0000,0.0000,0.0000,0.0226,0.0000,0.0888,0.0000,0.0244,0,0.0000,0,0.0000,0,0.0000,0,0.0000
captura_20261005_093822_305_39,Prueba_2,VIA-6a8c7dd60e98,0,2026-10-05 14:38:22.305000+00:00,4.6003,-74.0717,20,0.3060,0.5758,0.1000,10.1000,L,127.4880,49.5458,1685.8975,411.1074,False,False,0.0485,0.0000,0.0000,0,,100.0000,100.0000,20b48fe0570b483d83b13b6d497602d8c6fa895b,0.0000,0.0000,0.0000,0.0109,0.0000,0.0223,0.0000,0.0485,0,0.0000,0,0.0000,0,0.0000,0,0.0000
captura_20261005_093822_861_40,Prueba_2,VIA-6a8c7dd60e98,0,2026-10-05 14:38:22.861000+00:00,4.6003,-74.0717,22,0.1380,0.5904,0.1000,10.1000,L,124.7333,49.8759,1699.8873,412.3203,False,False,0.0413,0.0000,0.0000,0,,100.0000,100.0000,3f9a58e4110103753d2ae6c5ae58b77eadd9f138,0.0000,0.0000,0.0000,0.0000,0.0000,0.0383,0.0000,0.0413,0,0.0000,0,0.0000,0,0.0000,0,0.0000
captura_20261005_093823_408_41,Prueba_2,VIA-6a8c7dd60e98,0,2026-10-05 14:38:23.408000+00:00,4.6003,-74.0717,22,0.4090,0.6047,0.1000,10.1000,L,121.7471,50.0804,1708.2397,412.5596,False,False,0.0608,0.0000,0.0000,0,,100.0000,100.0000,03832d40efa5035a912a9da03a153670e976b712,0.0000,0.0000,0.0000,0.0000,0.0000,0.0211,0.0000,0.0608,0,0.0000,0,0.0000,0,0.0000,0,0.0000
captura_20261005_093823_970_42,Prueba_2,VIA-6a8c7dd60e98,0,2026-10-05 14:38:23.970000+00:00,4.6003,-74.0717,21,0.0290,0.6194,0.1000,10.1000,L,118.9102,50.1611,1693.8652,410.4365,False,False,0.0698,0.0000,0.0000,0,,100.0000,100.0000,5ddffb5665d2a8243bc0e5cf7021588b1dff14f5,0.0000,0.0000,0.0000,0.0226,0.0000,0.0380,0.0000,0.0698,0,0.0000,0,0.0000,0,0.0000,0,0.0000
captura_20261005_093824_528_43,Prueba_2,VIA-6a8c7dd60e98,0,2026-10-05 14:38:24.528000+00:00,4.6003,-74.0717,21,0.4710,0.6341,0.1000,10.1000,L,119.6365,49.4627,1573.0538,432.5518,False,False,0.0590,0.0000,0.0000,0,,100.0000,100.0000,b45ce91c83ec5c1857256035d415b4bbd0d2e833,0.0000,0.0000,0.0000,0.0386,0.0000,0.0590,0.0000,0.0408,0,0.0000,0,0.0000,0,0.0000,0,0.0000
captura_20261005_093825_080_44,Prueba_2,VIA-6a8c7dd60e98,0,2026-10-05 14:38:25.080000+00:00,4.6003,-74.0717,21,0.0810,0.6485,0.5900,10.5900,L,121.5276,49.1478,1576.5427,434.0576,False,False,0.0913,0.0000,1.0000,0,0.0913,49.6471,100.0000,8a11b265cc9de4be55e7c1ccef74cf781f1d6580,0.0000,0.0000,0.0000,0.0266,0.0000,0.0743,1.0000,0.0913,0,0.0000,0,0.0000,0,0.0000,0,0.0000
captura_20261005_093825_636_45,Prueba_2,VIA-6a8c7dd60e98,0,2026-10-05 14:38:25.636000+00:00,4.6003,-74.0717,19,0.3630,0.6631,0.5900,10.5900,L,123.7756,48.9504,1579.1990,431.9678,False,False,0.0847,0.0000,3.0000,0,0.0592,48.9204,100.0000,bdbd4aac8daedb930f3467964404e4d991ed0b2d,0.0000,0.0000,2.0000,0.0520,0.0000,0.0257,1.0000,0.0847,0,0.0000,0,0.0000,0,0.0000,0,0.0000
captura_20261005_093826_184_46,Prueba_2,VIA-6a8c7dd60e98,0,2026-10-05 14:38:26.184000+00:00,4.6003,-74.0717,19,0.1850,0.6774,0.5900,10.5900,L,125.4126,49.0350,1575.7025,421.3105,False,False,0.1276,0.0000,3.0000,0,0.0734,84.8568,100.0000,b594e5964dc10660f7e60293754d29e1bdf2756c,0.0000,0.0000,2.0000,0.0475,1.0000,0.1276,0.0000,0.0632,0,0.0000,0,0.0000,0,0.0000,0,0.0000
captura_20261005_093826_737_47,Prueba_2,VIA-6a8c7dd60e98,0,2026-10-05 14:38:26.737000+00:00,4.6003,-74.0717,18,0.2620,0.6919,0.5900,10.5900,L,119.7839,53.5046,1645.3896,436.8389,False,False,0.2993,0.0000,3.0000,0,0.1810,70.0209,100.0000,06cf0f9508a7ec7eb293dac7440427098ea1f8b9,0.0000,0.0000,1.0000,0.0400,2.0000,0.2993,0.0000,0.0610,0,0.0000,0,0.0000,0,0.0000,0,0.0000
captura_20261005_093827_291_48,Prueba_2,VIA-6a8c7dd60e98,0,2026-10-05 14:38:27.291000+00:00,4.6003,-74.0717,18,0.2920,0.7064,-0.2500,9.7500,,121.2022,53.2789,1626.1653,440.4326,False,False,0.2597,0.0000,4.0000,0,0.1467,69.9744,100.0000,1eecd9c6616e8cab897d221ea8276294b08767b9,0.0000,0.0000,2.0000,0.0631,2.0000,0.2597,0.0000,0.0270,0,0.0000,0,0.0000,0,0.0000,0,0.0000
captura_20261005_093827_840_49,Prueba_2,VIA-6a8c7dd60e98,0,2026-10-05 14:38:27.840000+00:00,4.6003,-74.0717,17,0.1590,0.7208,-0.2500,9.7500,,121.7329,52.9898,1595.5027,433.1123,False,False,0.1688,0.0000,2.0000,0,0.1509,69.9412,100.0000,462acf0d5876c742e4777106b8c96e2a6adb23a6,0.0000,0.0106,0.0000,0.0217,2.0000,0.1688,0.0000,0.0262,0,0.0000,0,0.0000,0,0.0000,0,0.0000
captura_20261005_093828_395_50,Prueba_2,VIA-6a8c7dd60e98,0,2026-10-05 14:38:28.395000+00:00,4.6003,-74.0717,17,0.3960,0.7354,0.1000,10.1000,L,122.5116,52.8977,1555.6409,429.7373,False,False,0.2382,0.0000,2.0000,0,0.2078,70.7040,100.0000,89ee1a62eee748b4279260161db2820a73061192,0.0000,0.0109,0.0000,0.0211,2.0000,0.2382,0.0000,0.0390,0,0.0000,0,0.0000,0,0.0000,0,0.0000
captura_20261005_093828_951_51,Prueba_2,VIA-7fe064e60e0a,1,2026-10-05 14:38:28.951000+00:00,4.6003,-74.0717,16,0.0480,0.7499,0.1000,10.1000,L,123.1812,58.5012,1799.8496,387.1904,False,False,0.0890,0.0000,0.0000,0,,100.0000,100.0000,e5969a22c2e0e34d580d783613b4df1c67c42a4f,0.0000,0.0121,0.0000,0.0259,0.0000,0.0890,0.0000,0.0446,0,0.0000,0,0.0000,0,0.0000,0,0.0000
captura_20261005_093829_507_52,Prueba_2,VIA-7fe064e60e0a,1,2026-10-05 14:38:29.507000+00:00,4.6003,-74.0717,18,0.4920,0.7645,0.6100,10.6100,L,123.3653,58.4849,1810.4478,388.9053,False,False,0.1081,0.0000,1.0000,0,0.1081,71.3024,100.0000,e9915062983b018bcff0fd171492af6392ee3bf6,0.0000,0.0000,0.0000,0.0160,1.0000,0.1081,0.0000,0.0496,0,0.0000,0,0.0000,0,0.0000,0,0.0000
captura_20261005_093830_063_53,Prueba_2,VIA-7fe064e60e0a,1,2026-10-05 14:38:30.063000+00:00,4.6003,-74.0717,18,0.0640,0.7791,0.6100,10.6100,L,124.3286,58.3267,1813.1321,412.5010,False,False,0.0919,0.0000,3.0000,0,0.0859,53.9582,100.0000,f5cbfe48d3462d1f1fe3806618d6449557058790,0.0000,0.0211,1.0000,0.0745,1.0000,0.0912,1.0000,0.0919,0,0.0000,0,0.0000,0,0.0000,0,0.0000
captura_20261005_093830_613_54,Prueba_2,VIA-7fe064e60e0a,1,2026-10-05 14:38:30.613000+00:00,4.6003,-74.0717,20,0.3860,0.7935,0.6100,10.6100,L,125.0437,58.2005,1786.7788,407.2617,False,False,0.0946,0.0000,1.0000,0,0.0946,76.8521,100.0000,46b0c7d407dc03ce2bee8989805dc7266938d383,0.0000,0.0354,0.0000,0.0150,1.0000,0.0946,0.0000,0.0294,0,0.0000,0,0.0000,0,0.0000,0,0.0000
captura_20261005_093831_162_55,Prueba_2,VIA-7fe064e60e0a,1,2026-10-05 14:38:31.162000+00:00,4.6003,-74.0717,20,0.1630,0.8079,0.6100,10.6100,L,126.1067,58.1381,1795.1433,407.7529,False,False,0.0638,0.0000,1.0000,0,0.0413,92.7045,100.0000,3f6f9ff7032e560fa24d1038aae598fb7f7512c4,0.0000,0.0425,1.0000,0.0413,0.0000,0.0638,0.0000,0.0550,0,0.0000,0,0.0000,0,0.0000,0,0.0000
captura_20261005_093831_711_56,Prueba_2,VIA-7fe064e60e0a,1,2026-10-05 14:38:31.711000+00:00,4.6003,-74.0717,18,0.2880,0.8222,0.6100,10.6100,L,125.1904,55.9108,1684.9136,422.4990,False,False,0.2561,0.2561,3.0000,1,0.1548,53.1020,68.6627,e202fa98a417447261ec6578375c612e507ffb06,0.0000,0.0141,1.0000,0.0472,2.0000,0.2561,0.0000,0.0288,0,0.0000,0,0.0000,1,0.2561,0,0.0000
captura_20261005_093832_267_57,Prueba_2,VIA-7fe064e60e0a,1,2026-10-05 14:38:32.267000+00:00,4.6003,-74.0717,18,0.2680,0.8368,0.6100,10.6100,L,125.8995,55.7584,1684.4407,420.0977,False,False,0.2255,0.2255,7.0000,1,0.0935,50.9218,68.3895,14c05dd8a8e9b31811de46437ac2de24d5a878ab,0.0000,0.0000,5.0000,0.0744,2.0000,0.2255,0.0000,0.0546,0,0.0000,0,0.0000,1,0.2255,0,0.0000
captura_20261005_093832_816_58,Prueba_2,VIA-7fe064e60e0a,1,2026-10-05 14:38:32.816000+00:00,4.6003,-74.0717,19,0.1830,0.8512,0.6100,10.6100,L,126.4866,55.5792,1663.2742,417.5635,False,False,0.2125,0.0000,6.0000,0,0.0934,50.7761,100.0000,a4300539b139dac743e5c817180d2e8ee15e7eb8,0.0000,0.0517,4.0000,0.0683,2.0000,0.2125,0.0000,0.0573,0,0.0000,0,0.0000,0,0.0000,0,0.0000
captura_20261005_093833_368_59,Prueba_2,VIA-7fe064e60e0a,1,2026-10-05 14:38:33.368000+00:00,4.6003,-74.0717,19,0.3690,0.8657,0.6100,10.6100,L,127.4125,55.4198,1662.3787,427.4258,False,False,0.3273,0.2665,4.0000,1,0.1841,52.8381,68.3127,6e71db08d884a6f6664afa0798cccc6a460e0104,0.0000,0.0637,2.0000,0.0732,2.0000,0.3273,0.0000,0.0192,0,0.0000,0,0.0000,1,0.2665,0,0.0000
captura_20261005_093833_920_60,Prueba_2,VIA-7fe064e60e0a,1,2026-10-05 14:38:33.920000+00:00,4.6004,-74.0716,20,0.0790,0.8801,0.5900,10.5900,L,130.6360,54.0096,1354.7068,480.2256,False,False,0.1204,0.0000,1.0000,0,0.1204,47.5661,100.0000,8342e1b408ec0c76b26858092295386a5b2731a1,0.0000,0.0120,0.0000,0.0210,1.0000,0.1204,0.0000,0.0144,0,0.0000,0,0.0000,0,0.0000,0,0.0000
captura_20261005_093834_473_61,Prueba_2,VIA-7fe064e60e0a,1,2026-10-05 14:38:34.473000+00:00,4.6004,-74.0716,20,0.4740,0.8946,0.5900,10.5900,L,130.7604,54.0873,1344.7777,476.6582,False,False,0.0862,0.0000,0.0000,0,,100.0000,100.0000,b1786ca1c04280a858e5171f319ad6fb1500280b,0.0000,0.0000,0.0000,0.0286,0.0000,0.0862,0.0000,0.0221,0,0.0000,0,0.0000,0,0.0000,0,0.0000
captura_20261005_093835_035_62,Prueba_2,VIA-7fe064e60e0a,1,2026-10-05 14:38:35.035000+00:00,4.6004,-74.0716,19,0.0360,0.9093,0.5900,10.5900,L,131.1243,54.2692,1333.4771,489.4160,False,False,0.1047,0.0000,3.0000,0,0.0630,39.2812,100.0000,3025ecd624cf442130fd7f69e77cc78fd7367051,0.0000,0.0156,2.0000,0.0442,1.0000,0.1047,0.0000,0.0286,0,0.0000,0,0.0000,0,0.0000,0,0.0000
captura_20261005_093835_591_63,Prueba_2,VIA-7fe064e60e0a,1,2026-10-05 14:38:35.591000+00:00,4.6004,-74.0716,19,0.4080,0.9239,0.5900,10.5900,L,131.4372,54.6328,1360.7236,478.9404,False,False,0.1196,0.0000,2.0000,0,0.0900,42.6956,100.0000,bf4d79107bdda989d37ffc6390b7ebaed534ca54,0.0000,0.0000,1.0000,0.0604,1.0000,0.1196,0.0000,0.0302,0,0.0000,0,0.0000,0,0.0000,0,0.0000
captura_20261005_093836_140_64,Prueba_2,VIA-7fe064e60e0a,1,2026-10-05 14:38:36.140000+00:00,4.6004,-74.0716,19,0.1410,0.9383,0.5900,10.5900,L,132.0498,54.6964,1379.1619,471.4453,False,False,0.1262,0.0000,1.0000,0,0.1262,46.7757,100.0000,3a8c6bfa5139e7123d87e3d6390ef2de754b0cae,0.0000,0.0000,0.0000,0.0226,1.0000,0.1262,0.0000,0.0162,0,0.0000,0,0.0000,0,0.0000,0,0.0000
captura_20261005_093836_798_65,Prueba_2,VIA-7fe064e60e0a,1,2026-10-05 14:38:36.798000+00:00,4.6004,-74.0716,19,0.2010,0.9555,-0.1400,9.8600,,130.4760,57.0327,1502.4636,490.5225,False,False,0.0570,0.0000,2.0000,0,0.0489,96.6706,100.0000,055f68ce92ae3b1fa12f5a16f79b126673282299,0.0000,0.0112,2.0000,0.0570,0.0000,0.0333,0.0000,0.0167,0,0.0000,0,0.0000,0,0.0000,0,0.0000
captura_20261005_093837_360_66,Prueba_2,VIA-7fe064e60e0a,1,2026-10-05 14:38:37.360000+00:00,4.6004,-74.0716,19,0.3610,0.9702,0.6100,10.6100,L,130.7687,56.7741,1514.8029,492.5576,False,False,0.0917,0.0000,4.0000,0,0.0725,37.7510,100.0000,722949152fc3477f7b1cc170c9f3ae566e0b38cf,0.0000,0.0188,3.0000,0.0727,1.0000,0.0917,0.0000,0.0345,0,0.0000,0,0.0000,0,0.0000,0,0.0000
captura_20261005_093837_936_67,Prueba_2,VIA-7fe064e60e0a,1,2026-10-05 14:38:37.936000+00:00,4.6004,-74.0716,16,0.0630,0.9853,0.6100,10.6100,L,130.9403,56.6094,1520.5968,487.2090,False,False,0.1017,0.0000,2.0000,0,0.0759,96.6313,100.0000,c233361a1bc1736f1a7693a101f33f9a8a13973f,0.0000,0.0142,2.0000,0.1017,0.0000,0.0573,0.0000,0.0000,0,0.0000,0,0.0000,0,0.0000,0,0.0000
captura_20261005_093838_496_68,Prueba_2,VIA-7fe064e60e0a,1,2026-10-05 14:38:38.496000+00:00,4.6004,-74.0716,16,0.4970,1.0000,0.6100,10.6100,L,131.0358,56.5451,1517.0531,490.5410,False,False,0.0802,0.0000,3.0000,0,0.0640,94.1160,100.0000,94cd27ce717bea4c88804915993c17739c88857d,0.0000,0.0110,3.0000,0.0802,0.0000,0.0788,0.0000,0.0111,0,0.0000,0,0.0000,0,0.0000,0,0.0000
captura_20261005_094134_447_0,Prueba_3,VIA-57cac608141a,0,2026-10-05 14:41:34.447000+00:00,4.6002,-74.0717,24,0.4480,0.0000,29.6400,26.6400,H,172.5681,20.7797,1712.1716,550.0039,False,True,0.1085,0.0000,3.0000,0,0.0901,23.5030,100.0000,493e257c70df7a22384e7eaf09de4abf0a731edb,0.0000,0.0220,0.0000,0.0285,1.0000,0.1085,2.0000,0.0891,0,0.0000,0,0.0000,0,0.0000,0,0.0000
captura_20261005_094134_994_1,Prueba_3,VIA-57cac608141a,0,2026-10-05 14:41:34.994000+00:00,4.6002,-74.0717,22,0.0050,0.0161,29.6400,26.6400,H,172.5277,20.8715,1789.1039,568.1113,False,True,0.1097,0.0000,6.0000,0,0.0900,26.1143,100.0000,cb1a2934d060e36b7335a8f789d16c034f5b386c,0.0000,0.0227,2.0000,0.0869,0.0000,0.0337,4.0000,0.1097,0,0.0000,0,0.0000,0,0.0000,0,0.0000
captura_20261005_094135_543_2,Prueba_3,VIA-57cac608141a,0,2026-10-05 14:41:35.543000+00:00,4.6002,-74.0717,23,0.4560,0.0322,25.7700,22.7700,H,172.6192,20.6818,1830.0273,576.1260,False,True,0.3409,0.3409,9.0000,1,0.1298,20.8125,35.3334,3ccab13d105c5b66d56252476bbfca9ffaba96fa,0.0000,0.0134,3.0000,0.1121,0.0000,0.0204,6.0000,0.3409,0,0.0000,0,0.0000,0,0.0000,1,0.3409
captura_20261005_094136_103_3,Prueba_3,VIA-57cac608141a,0,2026-10-05 14:41:36.103000+00:00,4.6002,-74.0717,23,0.1040,0.0486,11.5300,8.5300,H,172.5252,20.7007,1992.3380,608.3789,False,True,0.2559,0.2559,12.0000,2,0.1168,15.8660,26.3025,cd8dcdaa9c116ce3cc23b3a85c8460141dd54c8a,0.0000,0.0189,2.0000,0.0430,0.0000,0.0000,10.0000,0.2559,0,0.0000,0,0.0000,0,0.0000,2,0.2559
captura_20261005_094136_656_4,Prueba_3,VIA-57cac608141a,0,2026-10-05 14:41:36.656000+00:00,4.6002,-74.0717,22,0.3430,0.0649,7.6800,4.6800,H,172.2967,20.8056,2064.3911,651.9736,False,True,0.3342,0.3342,11.0000,2,0.1300,15.2429,26.3025,7bf857436c78ba146a83e056bf56f6649c799541,0.0000,0.0108,2.0000,0.0730,0.0000,0.0271,9.0000,0.3342,0,0.0000,0,0.0000,0,0.0000,2,0.3342
captura_20261005_094137_229_5,Prueba_3,VIA-57cac608141a,0,2026-10-05 14:41:37.229000+00:00,4.6002,-74.0717,22,0.2300,0.0817,5.3900,2.3900,H,172.0016,20.6084,2074.2322,668.2969,False,True,0.2410,0.2410,10.0000,1,0.1276,18.5282,35.3334,4d0a61c1a97a589e9b7cfb82bb2d689b404dbd40,0.0000,0.0194,2.0000,0.1191,0.0000,0.0000,8.0000,0.2410,0,0.0000,0,0.0000,0,0.0000,1,0.2410
captura_20261005_094137_764_6,Prueba_3,VIA-57cac608141a,0,2026-10-05 14:41:37.764000+00:00,4.6002,-74.0717,21,0.2350,0.0974,5.3900,2.3900,H,172.1919,20.4893,1992.6801,642.2236,False,True,0.3055,0.3055,9.0000,1,0.1448,17.4842,35.3334,44aa82c5acc3cb726af3046fb065e8c097fe19f8,0.0000,0.0167,3.0000,0.1649,0.0000,0.0103,6.0000,0.3055,0,0.0000,0,0.0000,0,0.0000,1,0.3055
captura_20261005_094138_307_7,Prueba_3,VIA-57cac608141a,0,2026-10-05 14:41:38.307000+00:00,4.6002,-74.0717,21,0.3080,0.1134,5.3900,2.3900,H,171.9901,20.6760,2070.4531,648.2715,False,True,0.2523,0.0000,11.0000,0,0.1147,11.8642,100.0000,c2d8ba1fa51a07a6322210f5d03384740c9c2fc0,0.0000,0.0271,2.0000,0.0583,0.0000,0.0144,9.0000,0.2523,0,0.0000,0,0.0000,0,0.0000,0,0.0000
captura_20261005_094138_859_8,Prueba_3,VIA-57cac608141a,0,2026-10-05 14:41:38.859000+00:00,4.6002,-74.0717,21,0.1400,0.1296,1.3100,-1.6900,L,171.6512,20.5233,2114.0596,662.8535,False,True,0.2052,0.2052,10.0000,1,0.1073,15.8934,64.0916,b4ec4f53325abd5deb415004dbba51cf118cf81f,0.0000,0.0000,2.0000,0.0806,0.0000,0.0000,8.0000,0.2052,0,0.0000,0,0.0000,0,0.0000,1,0.2052
captura_20261005_094139_409_9,Prueba_3,VIA-57cac608141a,0,2026-10-05 14:41:39.409000+00:00,4.6002,-74.0717,21,0.4100,0.1457,-10.7900,-13.7900,,171.9021,20.4421,2012.6194,605.5449,False,True,0.1164,0.0000,7.0000,0,0.1006,21.0553,100.0000,4be300d6c1698d59c88fa9914af328472ca3583a,0.0000,0.0191,2.0000,0.1095,0.0000,0.0475,5.0000,0.1164,0,0.0000,0,0.0000,0,0.0000,0,0.0000
captura_20261005_094139_959_10,Prueba_3,VIA-57cac608141a,0,2026-10-05 14:41:39.959000+00:00,4.6002,-74.0717,20,0.0400,0.1619,-7.4800,-10.4800,,157.7866,18.8948,1040.9263,429.0020,False,True,0.1194,0.0000,4.0000,0,0.0935,33.9737,100.0000,e3a469eef14a23ce66576260ee5988e422da3e6e,0.0000,0.0000,0.0000,0.0000,0.0000,0.0394,4.0000,0.1194,0,0.0000,0,0.0000,0,0.0000,0,0.0000
captura_20261005_094140_505_11,Prueba_3,VIA-57cac608141a,0,2026-10-05 14:41:40.505000+00:00,4.6002,-74.0717,22,0.4940,0.1779,-7.4800,-10.4800,,157.7866,18.8948,1040.9263,429.0020,False,True,0.1194,0.0000,4.0000,0,0.0935,33.9737,100.0000,e3a469eef14a23ce66576260ee5988e422da3e6e,0.0000,0.0000,0.0000,0.0000,0.0000,0.0394,4.0000,0.1194,0,0.0000,0,0.0000,0,0.0000,0,0.0000
captura_20261005_094141_053_12,Prueba_3,VIA-57cac608141a,0,2026-10-05 14:41:41.053000+00:00,4.6002,-74.0717,22,0.0540,0.1940,-0.8000,-3.8000,,157.8695,19.4940,997.3212,424.9023,False,True,0.1202,0.0000,4.0000,0,0.1020,36.9006,100.0000,e4c2f01368235dcfb692bbad538470e6aa734e3b,0.0000,0.0139,0.0000,0.0000,0.0000,0.0172,4.0000,0.1202,0,0.0000,0,0.0000,0,0.0000,0,0.0000
captura_20261005_094141_601_13,Prueba_3,VIA-57cac608141a,0,2026-10-05 14:41:41.601000+00:00,4.6003,-74.0717,21,0.3980,0.2101,34.2200,31.2200,H,157.8189,20.1583,980.5459,418.5049,False,True,0.0628,0.0000,0.0000,0,,100.0000,100.0000,61d180ed90ac3b9bbe7de35282a37610dedaf493,0.0000,0.0152,0.0000,0.0228,0.0000,0.0203,0.0000,0.0628,0,0.0000,0,0.0000,0,0.0000,0,0.0000
captura_20261005_094142_142_14,Prueba_3,VIA-57cac608141a,0,2026-10-05 14:41:42.142000+00:00,4.6003,-74.0717,21,0.1430,0.2260,34.2200,31.2200,H,161.5139,24.5805,904.5625,360.1318,True,True,0.0691,0.0000,0.0000,0,,100.0000,100.0000,ec9f4ef25f7c98bc5f4361aa8f394ae6a53325cc,0.0000,0.0250,0.0000,0.0236,0.0000,0.0128,0.0000,0.0691,0,0.0000,0,0.0000,0,0.0000,0,0.0000
captura_20261005_094142_699_15,Prueba_3,VIA-57cac608141a,0,2026-10-05 14:41:42.699000+00:00,4.6003,-74.0717,20,0.3000,0.2424,34.2200,31.2200,H,161.2639,24.9101,913.4656,361.7529,True,True,0.0890,0.0000,1.0000,0,0.0890,64.0916,100.0000,3fd5e68c2b03a770c24c008539417271c06b879a,0.0000,0.0336,0.0000,0.0271,0.0000,0.0387,1.0000,0.0890,0,0.0000,0,0.0000,0,0.0000,0,0.0000
captura_20261005_094143_237_16,Prueba_3,VIA-57cac608141a,0,2026-10-05 14:41:43.237000+00:00,4.6003,-74.0717,20,0.2380,0.2582,34.2200,31.2200,H,159.2845,25.1963,938.0932,396.5889,False,True,0.0366,0.0000,0.0000,0,,100.0000,100.0000,2d739788f5f43d518a0ee7eb15055474be6373d8,0.0000,0.0158,0.0000,0.0109,0.0000,0.0273,0.0000,0.0366,0,0.0000,0,0.0000,0,0.0000,0,0.0000
captura_20261005_094143_776_17,Prueba_3,VIA-57cac608141a,0,2026-10-05 14:41:43.776000+00:00,4.6003,-74.0717,20,0.2230,0.2740,0.1500,-2.8500,L,157.4471,25.1348,959.5741,416.2959,False,True,0.0535,0.0000,0.0000,0,,100.0000,100.0000,ca33ab2aa5c3d511e6e270c9152f30031e977fd4,0.0000,0.0535,0.0000,0.0000,0.0000,0.0209,0.0000,0.0412,0,0.0000,0,0.0000,0,0.0000,0,0.0000
captura_20261005_094144_313_18,Prueba_3,VIA-57cac608141a,0,2026-10-05 14:41:44.313000+00:00,4.6003,-74.0717,20,0.3140,0.2898,0.6100,-2.3900,L,155.9096,24.8001,957.5742,419.1270,False,False,0.0630,0.0000,0.0000,0,,100.0000,100.0000,a07573f1e57c16e4e560c2b08c59c851c319d877,0.0000,0.0158,0.0000,0.0117,0.0000,0.0630,0.0000,0.0435,0,0.0000,0,0.0000,0,0.0000,0,0.0000
captura_20261005_094144_848_19,Prueba_3,VIA-57cac608141a,0,2026-10-05 14:41:44.848000+00:00,4.6003,-74.0716,21,0.1510,0.3055,0.6100,-2.3900,L,154.5586,24.6215,956.7885,409.6924,False,False,0.0923,0.0000,1.0000,0,0.0923,49.6471,100.0000,5c372949b2817bc7e23ae9bf990dcd30e0d9276a,0.0000,0.0305,0.0000,0.0165,0.0000,0.0293,1.0000,0.0923,0,0.0000,0,0.0000,0,0.0000,0,0.0000
captura_20261005_094145_408_20,Prueba_3,VIA-57cac608141a,0,2026-10-05 14:41:45.408000+00:00,4.6003,-74.0716,21,0.4090,0.3219,5.8800,2.8800,H,154.8072,24.5589,948.7144,390.6221,False,False,0.0737,0.0000,1.0000,0,0.0737,49.6471,100.0000,c048ac8a1ae4302fc62985f073000b2ac3cdf561,0.0000,0.0238,0.0000,0.0171,0.0000,0.0334,1.0000,0.0737,0,0.0000,0,0.0000,0,0.0000,0,0.0000
captura_20261005_094145_942_21,Prueba_3,VIA-57cac608141a,0,2026-10-05 14:41:45.942000+00:00,4.6003,-74.0716,21,0.0570,0.3376,8.8900,5.8900,H,152.8342,24.7816,944.5744,426.5371,False,False,0.0583,0.0000,0.0000,0,,100.0000,100.0000,edb89dbd37902a521faf256741d2725391d2914d,0.0000,0.0123,0.0000,0.0269,0.0000,0.0583,0.0000,0.0391,0,0.0000,0,0.0000,0,0.0000,0,0.0000
captura_20261005_094146_486_22,Prueba_3,VIA-57cac608141a,0,2026-10-05 14:41:46.486000+00:00,4.6003,-74.0716,21,0.4870,0.3536,8.8900,5.8900,H,152.8196,24.5828,951.0937,403.1494,False,False,0.0882,0.0000,1.0000,0,0.0882,49.6471,100.0000,a4c9ad1ce0cb26b8cd5b4e5da782c2407a3ebc64,0.0000,0.0402,0.0000,0.0157,0.0000,0.0102,1.0000,0.0882,0,0.0000,0,0.0000,0,0.0000,0,0.0000
captura_20261005_094147_027_23,Prueba_3,VIA-75f714b86843,1,2026-10-05 14:41:47.027000+00:00,4.6003,-74.0716,20,0.0280,0.3695,8.8900,5.8900,H,152.7778,24.0889,970.0022,411.6699,False,False,0.1123,0.0000,1.0000,0,0.1123,49.6471,100.0000,00659c413da82ec883e5feb2b98cbb5b92f8074e,0.0000,0.0232,0.0000,0.0000,0.0000,0.0142,1.0000,0.1123,0,0.0000,0,0.0000,0,0.0000,0,0.0000
captura_20261005_094147_578_24,Prueba_3,VIA-75f714b86843,1,2026-10-05 14:41:47.578000+00:00,4.6003,-74.0716,19,0.4210,0.3857,8.8900,5.8900,H,152.4445,24.1503,965.5685,418.8643,False,False,0.0656,0.0000,0.0000,0,,100.0000,100.0000,1c5671865bdac96f9f0a1f5df0bec05c1aa8e03f,0.0000,0.0596,0.0000,0.0000,0.0000,0.0136,0.0000,0.0656,0,0.0000,0,0.0000,0,0.0000,0,0.0000
captura_20261005_094148_128_25,Prueba_3,VIA-75f714b86843,1,2026-10-05 14:41:48.128000+00:00,4.6003,-74.0716,19,0.1290,0.4018,5.3900,2.3900,H,152.1274,24.1343,965.2972,409.4238,False,False,0.0568,0.0000,0.0000,0,,100.0000,100.0000,d658d348c404ca4d7321b9f2071b3055d8510a6c,0.0000,0.0148,0.0000,0.0000,0.0000,0.0167,0.0000,0.0568,0,0.0000,0,0.0000,0,0.0000,0,0.0000
captura_20261005_094148_679_26,Prueba_3,VIA-75f714b86843,1,2026-10-05 14:41:48.679000+00:00,4.6003,-74.0716,20,0.3200,0.4180,5.3900,2.3900,H,151.5819,23.7666,931.2481,401.1367,False,False,0.0546,0.0000,0.0000,0,,100.0000,100.0000,a2524e8d1317ba72ebd0f3b2aea05e782df059bc,0.0000,0.0499,0.0000,0.0000,0.0000,0.0546,0.0000,0.0466,0,0.0000,0,0.0000,0,0.0000,0,0.0000
captura_20261005_094149_228_27,Prueba_3,VIA-75f714b86843,1,2026-10-05 14:41:49.228000+00:00,4.6003,-74.0716,20,0.2290,0.4341,5.3900,2.3900,H,151.3680,23.2441,959.3147,397.5986,False,False,0.2100,0.0000,3.0000,0,0.1195,38.6264,100.0000,ab92977f338fadc75a75297d6fe570252154a4e6,0.0000,0.0305,0.0000,0.0000,0.0000,0.0239,3.0000,0.2100,0,0.0000,0,0.0000,0,0.0000,0,0.0000
captura_20261005_094149_777_28,Prueba_3,VIA-75f714b86843,1,2026-10-05 14:41:49.777000+00:00,4.6003,-74.0716,18,0.2220,0.4502,5.3900,2.3900,H,151.3161,23.6067,961.9260,407.1074,False,False,0.0975,0.0000,2.0000,0,0.0948,63.1821,100.0000,5c027dc2d63826d6e64053401a925746c0d109cf,1.0000,0.0975,0.0000,0.0000,0.0000,0.0653,1.0000,0.0921,0,0.0000,0,0.0000,0,0.0000,0,0.0000
captura_20261005_094150_327_29,Prueba_3,VIA-75f714b86843,1,2026-10-05 14:41:50.327000+00:00,4.6003,-74.0716,18,0.3280,0.4664,3.7500,0.7500,M,151.5747,23.7369,938.7759,385.8564,False,False,0.0662,0.0000,0.0000,0,,100.0000,100.0000,641d45bbd021b215ab574d2f0692f43cd1bb615c,0.0000,0.0659,0.0000,0.0000,0.0000,0.0407,0.0000,0.0662,0,0.0000,0,0.0000,0,0.0000,0,0.0000
captura_20261005_094150_874_30,Prueba_3,VIA-75f714b86843,1,2026-10-05 14:41:50.874000+00:00,4.6003,-74.0716,15,0.1250,0.4825,-0.0900,-3.0900,,151.8747,23.9999,930.7524,366.2783,False,False,0.0840,0.0000,3.0000,0,0.0767,35.3334,100.0000,bc2579b134ce616c7a98b5605ed880e5a2f9a9db,0.0000,0.0354,0.0000,0.0181,0.0000,0.0408,3.0000,0.0840,0,0.0000,0,0.0000,0,0.0000,0,0.0000
captura_20261005_094151_419_31,Prueba_3,VIA-75f714b86843,1,2026-10-05 14:41:51.419000+00:00,4.6003,-74.0716,15,0.4200,0.4985,-7.8600,-10.8600,,152.2329,24.6472,926.7830,352.2002,False,False,0.0709,0.0000,1.0000,0,0.0709,49.6471,100.0000,e3b07d4c1f12af30a806855d9cc7757989ada07d,0.0000,0.0155,0.0000,0.0000,0.0000,0.0615,1.0000,0.0709,0,0.0000,0,0.0000,0,0.0000,0,0.0000
captura_20261005_094151_963_32,Prueba_3,VIA-75f714b86843,1,2026-10-05 14:41:51.963000+00:00,4.6004,-74.0716,17,0.0360,0.5144,-15.1500,-18.1500,,152.5042,25.1463,920.4911,350.9463,False,False,0.1073,0.0000,1.0000,0,0.1073,46.0694,100.0000,a7368b410e07c05a7de1217512fd1090457fe32c,0.0000,0.0135,0.0000,0.0169,1.0000,0.1073,0.0000,0.0358,0,0.0000,0,0.0000,0,0.0000,0,0.0000
captura_20261005_094152_504_33,Prueba_3,VIA-75f714b86843,1,2026-10-05 14:41:52.504000+00:00,4.6004,-74.0716,18,0.4950,0.5303,-16.1100,-19.1100,,153.6438,25.6952,785.9575,282.7900,True,False,0.2287,0.0000,1.0000,0,0.2287,45.7176,100.0000,d5824cb4d40eb6269ea3a95c155b89b1eb01fdc9,0.0000,0.0000,0.0000,0.0000,1.0000,0.2287,0.0000,0.0617,0,0.0000,0,0.0000,0,0.0000,0,0.0000
captura_20261005_094153_051_34,Prueba_3,VIA-75f714b86843,1,2026-10-05 14:41:53.051000+00:00,4.6004,-74.0716,18,0.0520,0.5464,-17.7200,-20.7200,,154.7180,25.8994,778.3438,274.1504,True,False,0.1768,0.0000,3.0000,0,0.1143,27.5874,100.0000,dac838255148524febcb1391ef921e91d6ffea3f,1.0000,0.0733,0.0000,0.0000,1.0000,0.1768,1.0000,0.0927,0,0.0000,0,0.0000,0,0.0000,0,0.0000
captura_20261005_094153_592_35,Prueba_3,VIA-75f714b86843,1,2026-10-05 14:41:53.592000+00:00,4.6004,-74.0716,18,0.4070,0.5623,-17.7200,-20.7200,,155.8781,26.9854,753.9137,265.5918,True,False,0.0600,0.0000,0.0000,0,,100.0000,100.0000,b86f79201fe4ad640390a86f56af10f56b380244,0.0000,0.0600,0.0000,0.0000,0.0000,0.0370,0.0000,0.0435,0,0.0000,0,0.0000,0,0.0000,0,0.0000
captura_20261005_094154_138_36,Prueba_3,VIA-75f714b86843,1,2026-10-05 14:41:54.138000+00:00,4.6004,-74.0716,18,0.1390,0.5783,-17.7200,-20.7200,,156.2872,27.5856,922.9984,299.1416,False,False,0.0322,0.0000,0.0000,0,,100.0000,100.0000,38d74ce85cb58c74539b0a1dc0c56c8e9717f21b,0.0000,0.0141,0.0000,0.0000,0.0000,0.0322,0.0000,0.0222,0,0.0000,0,0.0000,0,0.0000,0,0.0000
captura_20261005_094154_684_37,Prueba_3,VIA-75f714b86843,1,2026-10-05 14:41:54.684000+00:00,4.6004,-74.0716,15,0.3150,0.5943,-16.1100,-19.1100,,156.2342,27.3898,978.0322,365.1357,False,False,0.1493,0.0000,2.0000,0,0.1184,27.5446,100.0000,1d3b8f314548300c83eea25749908ff0caaccb9c,0.0000,0.0463,0.0000,0.0145,1.0000,0.1493,1.0000,0.0875,0,0.0000,0,0.0000,0,0.0000,0,0.0000
captura_20261005_094155_235_38,Prueba_3,VIA-75f714b86843,1,2026-10-05 14:41:55.235000+00:00,4.6004,-74.0716,15,0.2360,0.6105,-8.9300,-11.9300,,155.8999,26.7576,981.1077,369.3662,False,False,0.1519,0.0000,2.0000,0,0.1415,36.8362,100.0000,a4abaa9542a48df3f22fd2597d32ae73013698fa,0.0000,0.0429,0.0000,0.0305,2.0000,0.1519,0.0000,0.0679,0,0.0000,0,0.0000,0,0.0000,0,0.0000
captura_20261005_094155_781_39,Prueba_3,VIA-75f714b86843,1,2026-10-05 14:41:55.781000+00:00,4.6004,-74.0716,15,0.2180,0.6266,0.3700,-2.6300,L,155.4273,26.3159,1035.9319,409.9678,False,False,0.1599,0.0000,8.0000,0,0.0808,14.8487,100.0000,8e8ee30046c90b24c5d1f5b340465fa3b54fc843,0.0000,0.0470,4.0000,0.0480,1.0000,0.1044,3.0000,0.1599,0,0.0000,0,0.0000,0,0.0000,0,0.0000
captura_20261005_094156_332_40,Prueba_3,VIA-2985571a3698,2,2026-10-05 14:41:56.332000+00:00,4.6004,-74.0716,15,0.3330,0.6428,0.3700,-2.6300,L,154.9084,26.2613,1034.7053,430.6152,False,False,0.1509,0.0000,1.0000,0,0.1509,46.9794,100.0000,e8f9336288984f8b2549bb03f05dfa57aad33df0,0.0000,0.0550,0.0000,0.0240,1.0000,0.1509,0.0000,0.0521,0,0.0000,0,0.0000,0,0.0000,0,0.0000
captura_20261005_094156_879_41,Prueba_3,VIA-2985571a3698,2,2026-10-05 14:41:56.879000+00:00,4.6004,-74.0716,15,0.1200,0.6588,0.3700,-2.6300,L,154.9828,26.0840,995.9379,378.6914,False,False,0.1698,0.0000,2.0000,0,0.1654,36.2173,100.0000,8cae3198514dc32c6552282a23d91e68d025c1fe,0.0000,0.0213,0.0000,0.0350,2.0000,0.1698,0.0000,0.0415,0,0.0000,0,0.0000,0,0.0000,0,0.0000
captura_20261005_094157_430_42,Prueba_3,VIA-2985571a3698,2,2026-10-05 14:41:57.430000+00:00,4.6004,-74.0716,15,0.4310,0.6750,0.3700,-2.6300,L,155.0834,26.9105,1011.6246,399.1826,False,False,0.0999,0.0000,1.0000,0,0.0999,49.6471,100.0000,ff8cf4142531f0c97cd552df49114c2360b7dff9,0.0000,0.0590,0.0000,0.0335,0.0000,0.0545,1.0000,0.0999,0,0.0000,0,0.0000,0,0.0000,0,0.0000
captura_20261005_094157_976_43,Prueba_3,VIA-2985571a3698,2,2026-10-05 14:41:57.976000+00:00,4.6004,-74.0716,18,0.0230,0.6910,-5.2400,-8.2400,,155.5539,27.8227,1017.4171,362.8545,False,False,0.0895,0.0000,2.0000,0,0.0648,84.8058,100.0000,e23ad371857eb60690b4d32aeb4e1b1277a1192c,1.0000,0.0895,1.0000,0.0401,0.0000,0.0486,0.0000,0.0572,0,0.0000,0,0.0000,0,0.0000,0,0.0000
captura_20261005_094158_528_44,Prueba_3,VIA-2985571a3698,2,2026-10-05 14:41:58.528000+00:00,4.6004,-74.0716,18,0.4710,0.7072,3.8900,0.8900,M,156.5598,28.5941,725.1294,260.8379,True,False,0.1558,0.0000,2.0000,0,0.1237,37.4395,100.0000,cd25692cb6a0967ba174cec7645ff7bba8dbb8b2,1.0000,0.0916,0.0000,0.0000,1.0000,0.1558,0.0000,0.0661,0,0.0000,0,0.0000,0,0.0000,0,0.0000
captura_20261005_094159_073_45,Prueba_3,VIA-2985571a3698,2,2026-10-05 14:41:59.073000+00:00,4.6004,-74.0716,18,0.0740,0.7233,3.8900,0.8900,M,158.9689,29.6836,637.1230,217.3574,True,True,0.1617,0.0000,3.0000,0,0.1294,31.4328,100.0000,f96486aa0c50242861bda5b37abbd6b033f8bd1b,0.0000,0.0379,0.0000,0.0000,3.0000,0.1617,0.0000,0.0313,0,0.0000,0,0.0000,0,0.0000,0,0.0000
captura_20261005_094159_634_46,Prueba_3,VIA-2985571a3698,2,2026-10-05 14:41:59.634000+00:00,4.6004,-74.0716,16,0.3650,0.7397,3.8900,0.8900,M,159.7788,31.2899,692.9988,244.7109,True,True,0.2373,0.2373,5.0000,1,0.1503,13.1700,42.7431,6f393354a304ff9ebee70c5cb2620fcc5e8f1fb5,0.0000,0.0162,0.0000,0.0000,4.0000,0.2373,1.0000,0.0780,0,0.0000,0,0.0000,1,0.2373,0,0.0000
captura_20261005_094200_181_47,Prueba_3,VIA-2985571a3698,2,2026-10-05 14:42:00.181000+00:00,4.6004,-74.0716,16,0.1820,0.7558,,,,159.2973,32.4606,824.7426,292.2617,True,True,0.2502,0.2502,2.0000,2,0.2280,34.1640,34.1640,22e6768ad11bda440bba6e7a600642d58507b739,0.0000,0.0000,0.0000,0.0116,2.0000,0.2502,0.0000,0.0456,0,0.0000,0,0.0000,2,0.2502,0,0.0000
captura_20261005_094200_739_48,Prueba_3,VIA-2985571a3698,2,2026-10-05 14:42:00.739000+00:00,4.6004,-74.0716,15,0.2600,0.7722,19.5100,16.5100,H,154.6071,24.0077,1043.6086,379.9844,False,False,0.0760,0.0000,1.0000,0,0.0760,64.0916,100.0000,b5efafad1bd85978c9c01f106849c56f2bdaafd9,0.0000,0.0613,0.0000,0.0243,0.0000,0.0697,1.0000,0.0760,0,0.0000,0,0.0000,0,0.0000,0,0.0000
captura_20261005_094201_287_49,Prueba_3,VIA-2985571a3698,2,2026-10-05 14:42:01.287000+00:00,4.6004,-74.0716,15,0.2880,0.7883,19.5100,16.5100,H,155.1371,24.3931,1000.3832,371.9727,False,False,0.1252,0.0000,2.0000,0,0.0977,61.5177,100.0000,0fe48273d8ce1f309ef11a702554b19ae482a041,0.0000,0.0121,1.0000,0.0702,0.0000,0.0567,1.0000,0.1252,0,0.0000,0,0.0000,0,0.0000,0,0.0000
captura_20261005_094201_836_50,Prueba_3,VIA-2985571a3698,2,2026-10-05 14:42:01.836000+00:00,4.6004,-74.0716,14,0.1630,0.8044,19.5100,16.5100,H,155.3412,24.6904,968.7659,362.2324,False,False,0.2118,0.2118,3.0000,1,0.1367,22.0524,41.3563,8dd9272f3d8f266e87cc6da15b07732184441411,0.0000,0.0137,0.0000,0.0185,2.0000,0.2118,1.0000,0.1072,0,0.0000,0,0.0000,1,0.2118,0,0.0000
captura_20261005_094202_384_51,Prueba_3,VIA-2985571a3698,2,2026-10-05 14:42:02.384000+00:00,4.6004,-74.0716,14,0.3850,0.8205,15.6700,12.6700,H,157.2171,24.9641,715.6169,253.3730,True,True,0.2290,0.2290,1.0000,1,0.2290,41.6026,41.6026,a332b9edba38432dd30d9ddde734aa16c6965821,0.0000,0.0263,0.0000,0.0000,1.0000,0.2290,0.0000,0.0484,0,0.0000,0,0.0000,1,0.2290,0,0.0000
captura_20261005_094202_931_52,Prueba_3,VIA-2985571a3698,2,2026-10-05 14:42:02.931000+00:00,4.6004,-74.0716,13,0.0680,0.8366,15.6700,12.6700,H,159.2276,25.6909,734.8209,255.9814,True,True,0.2907,0.2907,2.0000,1,0.1977,34.6822,41.3618,0abcc1f2e184b63b3a4027356d462be964f521f1,0.0000,0.0159,0.0000,0.0000,2.0000,0.2907,0.0000,0.0533,0,0.0000,0,0.0000,1,0.2907,0,0.0000
captura_20261005_094203_528_53,Prueba_3,VIA-2985571a3698,2,2026-10-05 14:42:03.528000+00:00,4.6004,-74.0716,15,0.4710,0.8541,15.6700,12.6700,H,159.8643,26.1642,848.4014,295.8242,True,True,0.2513,0.2513,5.0000,1,0.1269,26.1817,41.6767,6c5b55d19a798f061746f8273d2e9356c54040b9,0.0000,0.0140,1.0000,0.0459,4.0000,0.2513,0.0000,0.0595,0,0.0000,0,0.0000,1,0.2513,0,0.0000
captura_20261005_094204_071_54,Prueba_3,VIA-2985571a3698,2,2026-10-05 14:42:04.071000+00:00,4.6004,-74.0715,15,0.0720,0.8700,19.6800,16.6800,H,159.9482,26.0818,818.5183,282.0664,True,True,0.3452,0.3452,2.0000,1,0.1927,41.1187,41.2863,fd37fd84a80fcb1750a17b3f456784ba1b9d65cc,0.0000,0.0387,1.0000,0.0402,1.0000,0.3452,0.0000,0.0356,0,0.0000,0,0.0000,1,0.3452,0,0.0000
captura_20261005_094204_621_55,Prueba_3,VIA-2985571a3698,2,2026-10-05 14:42:04.621000+00:00,4.6004,-74.0715,16,0.3780,0.8862,19.6800,16.6800,H,160.8668,26.9235,716.4368,250.1875,True,True,0.2323,0.2323,2.0000,1,0.1613,33.7543,40.7796,c552d0d503cb1dfa7c20c0b8dc87a7f32a24fde6,0.0000,0.0338,0.0000,0.0119,2.0000,0.2323,0.0000,0.0340,0,0.0000,0,0.0000,1,0.2323,0,0.0000
captura_20261005_094205_175_56,Prueba_3,VIA-2985571a3698,2,2026-10-05 14:42:05.175000+00:00,4.6004,-74.0715,16,0.1760,0.9025,19.6800,16.6800,H,129.4317,37.3363,896.0406,422.6914,True,False,0.1297,0.0000,2.0000,0,0.1043,46.9703,100.0000,10c1986dc82f7149ee7cabcd5485a0382d3215d9,0.0000,0.0228,1.0000,0.1297,0.0000,0.0121,1.0000,0.0788,0,0.0000,0,0.0000,0,0.0000,0,0.0000
captura_20261005_094205_728_57,Prueba_3,VIA-2985571a3698,2,2026-10-05 14:42:05.728000+00:00,4.6004,-74.0715,17,0.2710,0.9187,19.6800,16.6800,H,130.7924,38.0298,905.5619,409.3242,True,False,0.1312,0.0000,2.0000,0,0.0875,87.5025,100.0000,3c02482cbb96f338f2edb4b0ca64184c0df697df,0.0000,0.0442,2.0000,0.1312,0.0000,0.0534,0.0000,0.0215,0,0.0000,0,0.0000,0,0.0000,0,0.0000
captura_20261005_094206_278_58,Prueba_3,VIA-2985571a3698,2,2026-10-05 14:42:06.278000+00:00,4.6004,-74.0715,17,0.2790,0.9349,7.0900,4.0900,H,132.6684,38.8294,857.0922,347.7314,True,False,0.1087,0.0000,2.0000,0,0.0861,90.7982,100.0000,c5d41169877dddd52034f87a07b55e82f11fa635,0.0000,0.0611,2.0000,0.1087,0.0000,0.0263,0.0000,0.0000,0,0.0000,0,0.0000,0,0.0000,0,0.0000
captura_20261005_094206_833_59,Prueba_3,VIA-2985571a3698,2,2026-10-05 14:42:06.833000+00:00,4.6004,-74.0715,17,0.1660,0.9512,6.5800,3.5800,H,133.5724,39.0243,852.5452,352.3633,True,False,0.1460,0.0000,4.0000,0,0.0963,86.1933,100.0000,6bbfdbe96506031e85fc74ece5cf4c58fbb2949c,0.0000,0.0298,4.0000,0.1460,0.0000,0.0587,0.0000,0.0000,0,0.0000,0,0.0000,0,0.0000,0,0.0000
captura_20261005_094207_385_60,Prueba_3,VIA-2985571a3698,2,2026-10-05 14:42:07.385000+00:00,4.6005,-74.0715,17,0.3860,0.9674,6.5800,3.5800,H,133.9691,39.6421,868.1736,368.7061,True,False,0.0957,0.0000,4.0000,0,0.0763,86.2181,100.0000,171c83fecc6c466a8726ec097c2434a5889770f1,0.0000,0.0622,4.0000,0.0957,0.0000,0.0189,0.0000,0.0116,0,0.0000,0,0.0000,0,0.0000,0,0.0000
captura_20261005_094207_944_61,Prueba_3,VIA-2985571a3698,2,2026-10-05 14:42:07.944000+00:00,4.6005,-74.0715,17,0.0550,0.9838,6.5800,3.5800,H,123.2057,55.8894,999.4473,510.9150,False,False,0.0750,0.0000,0.0000,0,,100.0000,100.0000,24be51af711ff7d181a65661315264b7e500e866,0.0000,0.0000,0.0000,0.0000,0.0000,0.0750,0.0000,0.0146,0,0.0000,0,0.0000,0,0.0000,0,0.0000
captura_20261005_094208_496_62,Prueba_3,VIA-2985571a3698,2,2026-10-05 14:42:08.496000+00:00,4.6005,-74.0715,17,0.4970,1.0000,-3.9000,-6.9000,,124.7174,55.3881,991.0339,513.9961,False,False,0.1193,0.0000,2.0000,0,0.1086,26.3025,100.0000,de83cd1fe65f3c5ff273094a506895e2b5db21fe,0.0000,0.0000,0.0000,0.0142,0.0000,0.0547,2.0000,0.1193,0,0.0000,0,0.0000,0,0.0000,0,0.0000
captura_20261005_094715_337_0,Prueba_4,VIA-d502dbe6b2e6,0,2026-10-05 14:47:15.337000+00:00,4.6002,-74.0717,19,0.3370,0.0000,-16.5000,4.5000,,160.6469,28.9673,1461.5303,590.9941,False,True,0.2820,0.0000,8.0000,0,0.1408,16.7840,100.0000,c9d16705dc9b4fe61f1664a5435d00cf9b13f860,0.0000,0.0558,3.0000,0.1423,1.0000,0.1444,4.0000,0.2820,0,0.0000,0,0.0000,0,0.0000,0,0.0000
captura_20261005_094715_896_1,Prueba_4,VIA-d502dbe6b2e6,0,2026-10-05 14:47:15.896000+00:00,4.6002,-74.0717,19,0.1040,0.0176,-16.0800,4.9200,,159.2698,28.9587,1471.9379,637.9990,False,True,0.2522,0.2522,8.0000,2,0.1404,18.7023,40.6162,3fbea33de791384bb9fe80e85664c6bf82600b6e,0.0000,0.0418,2.0000,0.0798,1.0000,0.1393,5.0000,0.2522,0,0.0000,0,0.0000,0,0.0000,2,0.2522
captura_20261005_094716_447_2,Prueba_4,VIA-d502dbe6b2e6,0,2026-10-05 14:47:16.447000+00:00,4.6002,-74.0717,19,0.4470,0.0349,-8.6400,12.3600,,159.8354,28.6941,1477.6326,624.0215,False,True,0.3534,0.3534,9.0000,4,0.1763,10.7150,36.9006,a22a8b1ab52ba79f2cdca3285cc9c1179b6d268e,1.0000,0.0983,2.0000,0.0912,1.0000,0.1150,5.0000,0.3534,0,0.0000,0,0.0000,0,0.0000,4,0.3534
captura_20261005_094717_003_3,Prueba_4,VIA-d502dbe6b2e6,0,2026-10-05 14:47:17.003000+00:00,4.6002,-74.0717,19,0.0030,0.0524,-7.9400,13.0600,,160.2107,27.5886,1484.5913,616.3740,False,True,0.2657,0.2657,9.0000,3,0.1484,18.5127,38.6264,d014e8e26c86a9e3284f847e9919ed181e4bddf8,1.0000,0.0823,3.0000,0.1123,0.0000,0.0477,5.0000,0.2657,0,0.0000,0,0.0000,0,0.0000,3,0.2657
captura_20261005_094717_554_4,Prueba_4,VIA-d502dbe6b2e6,0,2026-10-05 14:47:17.554000+00:00,4.6002,-74.0717,19,0.4460,0.0697,-7.9400,13.0600,,160.5806,27.1511,1477.2346,608.6250,False,True,0.2087,0.0000,6.0000,0,0.1270,29.0058,100.0000,fec6d023e71fdc545c3c877550732e637905cb3b,0.0000,0.0432,2.0000,0.1195,0.0000,0.0717,4.0000,0.2087,0,0.0000,0,0.0000,0,0.0000,0,0.0000
captura_20261005_094718_107_5,Prueba_4,VIA-d502dbe6b2e6,0,2026-10-05 14:47:18.107000+00:00,4.6002,-74.0717,19,0.1070,0.0871,-7.0600,13.9400,,160.8506,26.9560,1488.6613,613.0898,False,True,0.2076,0.2076,9.0000,1,0.1121,18.9593,49.6471,af54394d49ba797a8bce52e4805694c662c4bf77,1.0000,0.0964,3.0000,0.0857,0.0000,0.0788,5.0000,0.2076,0,0.0000,0,0.0000,0,0.0000,1,0.2076
captura_20261005_094718_646_6,Prueba_4,VIA-d502dbe6b2e6,0,2026-10-05 14:47:18.646000+00:00,4.6002,-74.0717,17,0.3540,0.1041,-7.0600,13.9400,,161.2222,26.7338,1481.8829,602.6055,False,True,0.0987,0.0000,4.0000,0,0.0783,26.8422,100.0000,b9c1866acb8354a8ee5c952e430fde48f8879b86,1.0000,0.0809,1.0000,0.0636,0.0000,0.0816,2.0000,0.0987,0,0.0000,0,0.0000,0,0.0000,0,0.0000
captura_20261005_094719_189_7,Prueba_4,VIA-d502dbe6b2e6,0,2026-10-05 14:47:19.189000+00:00,4.6002,-74.0717,17,0.1890,0.1212,-4.3500,16.6500,,161.5896,26.5820,1466.0618,586.1572,False,True,0.2151,0.2151,5.0000,1,0.1031,37.4888,64.0916,e5a1d3be12f5810f8b7f76942e1cc4e08397ecbe,0.0000,0.0662,3.0000,0.0768,0.0000,0.0299,2.0000,0.2151,0,0.0000,0,0.0000,0,0.0000,1,0.2151
captura_20261005_094719_729_8,Prueba_4,VIA-d502dbe6b2e6,0,2026-10-05 14:47:19.729000+00:00,4.6002,-74.0717,19,0.2710,0.1382,-2.9300,18.0700,,161.9959,26.4283,1433.0586,572.3750,False,True,0.2341,0.0000,8.0000,0,0.1124,19.9387,100.0000,1f45aa0ea4c4818cadc69554ea3dadcf5fa9cb36,1.0000,0.0901,3.0000,0.1115,0.0000,0.0185,4.0000,0.2341,0,0.0000,0,0.0000,0,0.0000,0,0.0000
captura_20261005_094720_279_9,Prueba_4,VIA-d502dbe6b2e6,0,2026-10-05 14:47:20.279000+00:00,4.6003,-74.0717,19,0.2790,0.1555,3.3500,24.3500,M,162.4057,26.2727,1423.5251,575.6025,False,True,0.1647,0.0000,9.0000,0,0.1158,19.8387,100.0000,7378d76a344bbde36787148dacca4b1fe6facd74,1.0000,0.1410,4.0000,0.1647,0.0000,0.0207,4.0000,0.1451,0,0.0000,0,0.0000,0,0.0000,0,0.0000
captura_20261005_094720_827_10,Prueba_4,VIA-d502dbe6b2e6,0,2026-10-05 14:47:20.827000+00:00,4.6003,-74.0717,20,0.1730,0.1727,3.3500,24.3500,M,162.4004,38.3407,1296.9546,443.3506,False,True,0.1198,0.0000,4.0000,0,0.0896,46.1962,100.0000,75b7933c004876010a5698d1ed64d8f67f26753e,0.0000,0.0000,3.0000,0.1198,1.0000,0.0937,0.0000,0.0529,0,0.0000,0,0.0000,0,0.0000,0,0.0000
captura_20261005_094721_375_11,Prueba_4,VIA-d502dbe6b2e6,0,2026-10-05 14:47:21.375000+00:00,4.6003,-74.0717,20,0.3750,0.1899,3.3500,24.3500,M,160.8664,38.7358,1222.5154,403.4980,False,True,0.1243,0.0000,5.0000,0,0.0912,40.7134,100.0000,0dd66497f22850d424ae7ad91ee423e5e29a8b3a,0.0000,0.0000,4.0000,0.1243,0.0000,0.0680,1.0000,0.1017,0,0.0000,0,0.0000,0,0.0000,0,0.0000
captura_20261005_094721_930_12,Prueba_4,VIA-d502dbe6b2e6,0,2026-10-05 14:47:21.930000+00:00,4.6003,-74.0717,17,0.0700,0.2074,3.3500,24.3500,M,159.7408,39.4034,1122.1748,362.1172,False,True,0.1078,0.0000,5.0000,0,0.0777,41.7874,100.0000,407331cb1ef8a62e47db77466bd021aee186d488,0.0000,0.0000,4.0000,0.0849,0.0000,0.0734,1.0000,0.1078,0,0.0000,0,0.0000,0,0.0000,0,0.0000
captura_20261005_094722_471_13,Prueba_4,VIA-d502dbe6b2e6,0,2026-10-05 14:47:22.471000+00:00,4.6003,-74.0717,17,0.4710,0.2244,0.4000,21.4000,L,157.9422,40.1675,1326.2380,441.0039,False,True,0.1101,0.0000,3.0000,0,0.0865,82.2602,100.0000,1a2d630c6cd5f57ff99e49ac3650b30031e36792,0.0000,0.0000,3.0000,0.1101,0.0000,0.0101,0.0000,0.0644,0,0.0000,0,0.0000,0,0.0000,0,0.0000
captura_20261005_094723_016_14,Prueba_4,VIA-d502dbe6b2e6,0,2026-10-05 14:47:23.016000+00:00,4.6003,-74.0717,18,0.0160,0.2416,0.1100,21.1100,L,157.4738,40.5515,1353.3018,453.0498,False,True,0.1328,0.0000,5.0000,0,0.0879,27.1454,100.0000,f697fd27b3516d088b1daf258107249043d407ce,0.0000,0.0000,4.0000,0.1328,0.0000,0.0103,1.0000,0.0835,0,0.0000,0,0.0000,0,0.0000,0,0.0000
captura_20261005_094723_570_15,Prueba_4,VIA-d502dbe6b2e6,0,2026-10-05 14:47:23.570000+00:00,4.6003,-74.0717,17,0.4300,0.2590,-0.2200,20.7800,,155.5864,40.8290,1349.5726,470.7754,False,False,0.1568,0.0000,6.0000,0,0.0907,18.1375,100.0000,4f32f05ffb1857d175162667647054f6146c178d,0.0000,0.0000,4.0000,0.1568,0.0000,0.0105,2.0000,0.0960,0,0.0000,0,0.0000,0,0.0000,0,0.0000
captura_20261005_094724_115_16,Prueba_4,VIA-d502dbe6b2e6,0,2026-10-05 14:47:24.115000+00:00,4.6003,-74.0717,17,0.1150,0.2761,-0.2200,20.7800,,151.7884,41.0476,1397.2185,508.9443,False,False,0.0915,0.0000,4.0000,0,0.0726,43.3738,100.0000,8f5bbde07c14f01d065d07678dc673ffaceaa545,0.0000,0.0000,3.0000,0.0915,0.0000,0.0000,1.0000,0.0714,0,0.0000,0,0.0000,0,0.0000,0,0.0000
captura_20261005_094724_664_17,Prueba_4,VIA-d502dbe6b2e6,0,2026-10-05 14:47:24.664000+00:00,4.6003,-74.0717,18,0.3360,0.2934,0.8100,21.8100,L,149.9798,41.0887,1365.3479,502.8877,False,False,0.1092,0.0000,4.0000,0,0.0725,80.8353,100.0000,5bc31e6de4194dd7d9b37a980695ad0c6c1325f1,0.0000,0.0000,4.0000,0.1092,0.0000,0.0000,0.0000,0.0655,0,0.0000,0,0.0000,0,0.0000,0,0.0000
captura_20261005_094725_219_18,Prueba_4,VIA-d502dbe6b2e6,0,2026-10-05 14:47:25.219000+00:00,4.6003,-74.0717,18,0.2190,0.3109,0.8100,21.8100,L,150.4487,40.9899,1196.2029,377.3652,False,False,0.0901,0.0000,4.0000,0,0.0686,29.0769,100.0000,ba7b92023bafe56ed4d26f3dec80bcde5e4a3572,0.0000,0.0000,3.0000,0.0901,0.0000,0.0717,1.0000,0.0715,0,0.0000,0,0.0000,0,0.0000,0,0.0000
captura_20261005_094725_764_19,Prueba_4,VIA-c321926ea46b,1,2026-10-05 14:47:25.764000+00:00,4.6003,-74.0717,18,0.2360,0.3280,0.8100,21.8100,L,148.3512,39.8321,1133.9592,374.5215,False,False,0.2037,0.0000,4.0000,0,0.1467,38.9249,100.0000,4ab9b5799bc6f2dacc87d92b1f326dbf990df5ed,0.0000,0.0000,2.0000,0.1173,2.0000,0.2037,0.0000,0.0684,0,0.0000,0,0.0000,0,0.0000,0,0.0000
captura_20261005_094726_312_20,Prueba_4,VIA-c321926ea46b,1,2026-10-05 14:47:26.312000+00:00,4.6003,-74.0717,18,0.3120,0.3452,0.2100,21.2100,L,146.3385,38.5591,935.3926,324.1592,False,False,0.2540,0.0000,1.0000,0,0.2540,49.4353,100.0000,ac1806f0bec12e0e5a9724934697130d169d9ba4,0.0000,0.0000,0.0000,0.0365,1.0000,0.2540,0.0000,0.0530,0,0.0000,0,0.0000,0,0.0000,0,0.0000
captura_20261005_094726_862_21,Prueba_4,VIA-c321926ea46b,1,2026-10-05 14:47:26.862000+00:00,4.6003,-74.0716,18,0.1380,0.3625,-0.9400,20.0600,,145.8182,36.4132,707.0834,267.6426,True,False,0.0491,0.0000,2.0000,0,0.0434,79.8855,100.0000,63c7d73f58af520759233ec8f8c32b46e58545bf,0.0000,0.0294,2.0000,0.0451,0.0000,0.0491,0.0000,0.0327,0,0.0000,0,0.0000,0,0.0000,0,0.0000
captura_20261005_094727_410_22,Prueba_4,VIA-c321926ea46b,1,2026-10-05 14:47:27.410000+00:00,4.6003,-74.0716,18,0.4100,0.3798,-0.9400,20.0600,,146.0158,33.4694,663.3782,276.2383,True,False,0.1514,0.0000,1.0000,0,0.1514,97.1621,100.0000,2875808bde08c382a078d4eb56f2490f374b7f7d,1.0000,0.1514,0.0000,0.0269,0.0000,0.0802,0.0000,0.0115,0,0.0000,0,0.0000,0,0.0000,0,0.0000
captura_20261005_094727_954_23,Prueba_4,VIA-c321926ea46b,1,2026-10-05 14:47:27.954000+00:00,4.6003,-74.0716,15,0.0460,0.3969,-1.2300,19.7700,,146.1070,31.6701,737.5439,303.3584,True,False,0.1333,0.0000,6.0000,0,0.0909,38.0202,100.0000,59090d73cdde72f15ffbc4662f6d7c9069a953a0,1.0000,0.1333,4.0000,0.0890,1.0000,0.1293,0.0000,0.0307,0,0.0000,0,0.0000,0,0.0000,0,0.0000
captura_20261005_094728_501_24,Prueba_4,VIA-c321926ea46b,1,2026-10-05 14:47:28.501000+00:00,4.6003,-74.0716,15,0.4990,0.4141,-1.2300,19.7700,,148.5636,30.0952,762.2478,333.1377,True,False,0.2114,0.0000,4.0000,0,0.0968,70.0589,100.0000,9523c4896d314f4bfad98d37aa88db5702e88640,1.0000,0.2114,3.0000,0.0774,0.0000,0.0410,0.0000,0.0191,0,0.0000,0,0.0000,0,0.0000,0,0.0000
captura_20261005_094729_048_25,Prueba_4,VIA-c321926ea46b,1,2026-10-05 14:47:29.048000+00:00,4.6003,-74.0716,15,0.0480,0.4313,-1.2500,19.7500,,161.6425,30.0745,826.6523,344.1396,True,True,0.1600,0.0000,3.0000,0,0.1178,79.1693,100.0000,a0d5449d4e6f85f075023f53b9b641ec2101474f,0.0000,0.0171,3.0000,0.1600,0.0000,0.0288,0.0000,0.0546,0,0.0000,0,0.0000,0,0.0000,0,0.0000
captura_20261005_094729_596_26,Prueba_4,VIA-c321926ea46b,1,2026-10-05 14:47:29.596000+00:00,4.6003,-74.0716,15,0.4040,0.4485,0.7400,21.7400,L,160.6339,28.9550,1213.6440,451.0244,False,True,0.1106,0.0000,3.0000,0,0.0845,76.7158,100.0000,c5ed8feced3c36713846cf7887061ae2bbecd63c,0.0000,0.0121,3.0000,0.1106,0.0000,0.0000,0.0000,0.0481,0,0.0000,0,0.0000,0,0.0000,0,0.0000
captura_20261005_094730_150_27,Prueba_4,VIA-c321926ea46b,1,2026-10-05 14:47:30.150000+00:00,4.6003,-74.0716,15,0.1500,0.4660,3.9100,24.9100,M,160.7948,29.7499,1178.4441,468.1357,False,True,0.1908,0.1908,4.0000,1,0.1146,55.8583,82.3486,2bac3eea8757cb018bc9647b499053f2079722e2,0.0000,0.0000,3.0000,0.1908,0.0000,0.0158,1.0000,0.0758,0,0.0000,1,0.1908,0,0.0000,0,0.0000
captura_20261005_094730_705_28,Prueba_4,VIA-c321926ea46b,1,2026-10-05 14:47:30.705000+00:00,4.6003,-74.0716,17,0.2950,0.4834,3.9100,24.9100,M,161.1557,30.5438,1035.5116,413.1904,False,True,0.1459,0.0000,5.0000,0,0.0997,44.8024,100.0000,7c330105c4cfbdbabbcd1d8b4a6aef419842c0d3,0.0000,0.0000,4.0000,0.1459,1.0000,0.1310,0.0000,0.0678,0,0.0000,0,0.0000,0,0.0000,0,0.0000
captura_20261005_094731_257_29,Prueba_4,VIA-c321926ea46b,1,2026-10-05 14:47:31.257000+00:00,4.6003,-74.0716,17,0.2570,0.5008,3.9100,24.9100,M,135.9653,40.9039,1221.8468,375.8516,False,False,0.0712,0.0000,1.0000,0,0.0426,100.0000,100.0000,e9069d767948b00770c98bff3e28c52ce55f4140,0.0000,0.0114,1.0000,0.0426,0.0000,0.0712,0.0000,0.0413,0,0.0000,0,0.0000,0,0.0000,0,0.0000
captura_20261005_094731_809_30,Prueba_4,VIA-c321926ea46b,1,2026-10-05 14:47:31.809000+00:00,4.6003,-74.0716,17,0.1910,0.5182,3.9100,24.9100,M,137.2550,41.5767,1219.7036,341.9971,False,False,0.0747,0.0000,1.0000,0,0.0747,64.0916,100.0000,03443d234b973c5b7bf46eb7741634978178cfcc,0.0000,0.0151,0.0000,0.0123,0.0000,0.0118,1.0000,0.0747,0,0.0000,0,0.0000,0,0.0000,0,0.0000
captura_20261005_094732_355_31,Prueba_4,VIA-c321926ea46b,1,2026-10-05 14:47:32.355000+00:00,4.6003,-74.0716,17,0.3550,0.5353,2.3500,23.3500,L,138.4733,42.0377,1185.5149,311.2627,False,False,0.0843,0.0000,0.0000,0,,100.0000,100.0000,4bb276d8847be5587238905ae06fe1d7ea77576c,0.0000,0.0194,0.0000,0.0245,0.0000,0.0843,0.0000,0.0411,0,0.0000,0,0.0000,0,0.0000,0,0.0000
captura_20261005_094732_902_32,Prueba_4,VIA-c321926ea46b,1,2026-10-05 14:47:32.902000+00:00,4.6003,-74.0716,14,0.0980,0.5525,2.3500,23.3500,L,140.6863,42.9092,1090.6008,266.6309,False,False,0.0651,0.0000,0.0000,0,,100.0000,100.0000,47b9fdfedd6141c30fa5b750e4c214d315236c54,0.0000,0.0242,0.0000,0.0267,0.0000,0.0651,0.0000,0.0000,0,0.0000,0,0.0000,0,0.0000,0,0.0000
captura_20261005_094733_448_33,Prueba_4,VIA-c321926ea46b,1,2026-10-05 14:47:33.448000+00:00,4.6003,-74.0716,14,0.4480,0.5697,2.3500,23.3500,L,142.1393,43.8291,1191.0735,275.3525,False,False,0.0868,0.0000,1.0000,0,0.0432,94.8156,100.0000,774a6bae7ac2b89700483df591e5ed0cd904da59,0.0000,0.0308,1.0000,0.0432,0.0000,0.0868,0.0000,0.0290,0,0.0000,0,0.0000,0,0.0000,0,0.0000
captura_20261005_094733_985_34,Prueba_4,VIA-c321926ea46b,1,2026-10-05 14:47:33.985000+00:00,4.6003,-74.0716,16,0.0150,0.5866,2.3500,23.3500,L,133.9482,48.1358,1316.0222,320.2148,False,False,0.2808,0.2808,4.0000,1,0.1353,42.4896,44.1851,cbb8e9dae8a81aa10fc171ce2a3d2421540ad7ee,0.0000,0.0179,2.0000,0.0804,2.0000,0.2808,0.0000,0.0402,0,0.0000,0,0.0000,1,0.2808,0,0.0000
captura_20261005_094734_523_35,Prueba_4,VIA-c321926ea46b,1,2026-10-05 14:47:34.523000+00:00,4.6003,-74.0716,14,0.4770,0.6035,-0.6700,20.3300,,134.5076,49.6367,1336.2339,317.2686,False,False,0.2003,0.2003,4.0000,1,0.1119,42.1178,57.7299,ca1b4f51fa46d1768b226836fafc6e3d1b806b4f,0.0000,0.0408,2.0000,0.0834,2.0000,0.2003,0.0000,0.0193,0,0.0000,0,0.0000,1,0.2003,0,0.0000
captura_20261005_094735_066_36,Prueba_4,VIA-c321926ea46b,1,2026-10-05 14:47:35.066000+00:00,4.6003,-74.0716,14,0.0660,0.6206,-2.6600,18.3400,,134.7708,51.0185,1364.0698,312.3193,False,False,0.1259,0.0000,3.0000,0,0.1008,61.4044,100.0000,97323a5943e920468f93bfaa5f1a089f87b906b7,1.0000,0.1259,1.0000,0.0820,1.0000,0.0945,0.0000,0.0387,0,0.0000,0,0.0000,0,0.0000,0,0.0000
captura_20261005_094735_609_37,Prueba_4,VIA-c321926ea46b,1,2026-10-05 14:47:35.609000+00:00,4.6003,-74.0716,15,0.3910,0.6377,-4.2300,16.7700,,135.8686,52.8954,1289.5031,271.5293,False,False,0.2154,0.2154,3.0000,1,0.1279,38.6105,46.4278,d4378b95c567c8a087648fb749baa410980b9e43,0.0000,0.0182,1.0000,0.0459,2.0000,0.2154,0.0000,0.0245,0,0.0000,0,0.0000,1,0.2154,0,0.0000
captura_20261005_094736_151_38,Prueba_4,VIA-c321926ea46b,1,2026-10-05 14:47:36.151000+00:00,4.6003,-74.0716,15,0.1510,0.6547,-4.3900,16.6100,,136.2902,54.6381,1466.0201,356.7715,False,False,0.2173,0.2173,3.0000,1,0.1334,44.7753,46.7641,6a3289fa67171f84662f4f4119ad972012f85449,0.0000,0.0000,1.0000,0.0484,2.0000,0.2173,0.0000,0.0341,0,0.0000,0,0.0000,1,0.2173,0,0.0000
captura_20261005_094736_682_39,Prueba_4,VIA-edee8f48f254,2,2026-10-05 14:47:36.682000+00:00,4.6003,-74.0716,14,0.3180,0.6714,-4.6800,16.3200,,134.4162,55.1796,1484.1528,373.2021,False,False,0.2565,0.2565,5.0000,1,0.1027,42.0658,46.4780,82afa9e8ed4355b31661faee5a1d5590a13a5d81,0.0000,0.0000,4.0000,0.0958,1.0000,0.2565,0.0000,0.0143,0,0.0000,0,0.0000,1,0.2565,0,0.0000
captura_20261005_094737_216_40,Prueba_4,VIA-edee8f48f254,2,2026-10-05 14:47:37.216000+00:00,4.6003,-74.0716,14,0.2160,0.6882,-4.6800,16.3200,,127.4999,54.2624,1312.3109,421.0068,False,False,0.1316,0.0000,3.0000,0,0.0998,88.7412,100.0000,590f2421eee9241472a381b8585e67483576e063,0.0000,0.0145,2.0000,0.0872,1.0000,0.1316,0.0000,0.0402,0,0.0000,0,0.0000,0,0.0000,0,0.0000
captura_20261005_094737_758_41,Prueba_4,VIA-edee8f48f254,2,2026-10-05 14:47:37.758000+00:00,4.6004,-74.0716,15,0.2420,0.7053,-6.7500,14.2500,,126.6904,54.6375,1322.9390,423.6309,False,False,0.1163,0.0000,6.0000,0,0.0758,84.9570,100.0000,358de1547786c0443f9df5d732a76c720d1bd922,0.0000,0.0394,6.0000,0.1163,0.0000,0.0829,0.0000,0.0455,0,0.0000,0,0.0000,0,0.0000,0,0.0000
captura_20261005_094738_296_42,Prueba_4,VIA-edee8f48f254,2,2026-10-05 14:47:38.296000+00:00,4.6004,-74.0716,15,0.2960,0.7222,-6.5800,14.4200,,126.4652,55.0073,1325.7737,420.5225,False,False,0.0673,0.0000,0.0000,0,,100.0000,100.0000,a916745b969276d6ce7ec6cfcdfba69a1f156625,0.0000,0.0000,0.0000,0.0177,0.0000,0.0673,0.0000,0.0413,0,0.0000,0,0.0000,0,0.0000,0,0.0000
captura_20261005_094738_833_43,Prueba_4,VIA-edee8f48f254,2,2026-10-05 14:47:38.833000+00:00,4.6004,-74.0716,14,0.1670,0.7391,-6.3900,14.6100,,126.2253,55.4206,1340.7131,421.9043,False,False,0.1155,0.0000,3.0000,0,0.0837,73.3946,100.0000,f05c627c4bac4bddb2153697bda798ab14d2da23,0.0000,0.0190,1.0000,0.0411,2.0000,0.1155,0.0000,0.0237,0,0.0000,0,0.0000,0,0.0000,0,0.0000
captura_20261005_094739_374_44,Prueba_4,VIA-edee8f48f254,2,2026-10-05 14:47:39.374000+00:00,4.6004,-74.0716,14,0.3740,0.7561,-5.4500,15.5500,,124.7472,58.8243,1477.4789,475.5801,False,False,0.1301,0.0000,3.0000,0,0.1117,36.0342,100.0000,2c06fe7601cfd0a9cb69e5f76caa3e0644a19f38,0.0000,0.0256,0.0000,0.0000,1.0000,0.1226,2.0000,0.1301,0,0.0000,0,0.0000,0,0.0000,0,0.0000
captura_20261005_094739_920_45,Prueba_4,VIA-edee8f48f254,2,2026-10-05 14:47:39.920000+00:00,4.6004,-74.0716,15,0.0800,0.7733,-4.5300,16.4700,,124.7083,58.8571,1475.0408,475.3760,False,False,0.1336,0.0000,3.0000,0,0.1137,36.0363,100.0000,ed999ea5b02c376ca70ad6caedb6d90d3aced579,0.0000,0.0246,0.0000,0.0000,1.0000,0.1227,2.0000,0.1336,0,0.0000,0,0.0000,0,0.0000,0,0.0000
captura_20261005_094740_474_46,Prueba_4,VIA-edee8f48f254,2,2026-10-05 14:47:40.474000+00:00,4.6004,-74.0716,15,0.4740,0.7907,-4.5300,16.4700,,125.0999,58.8522,1478.3073,443.4180,False,False,0.3568,0.3568,2.0000,1,0.2723,38.0767,50.6446,ec4b7e9a9843003a30194de9442a4712e6457e4e,0.0000,0.0145,0.0000,0.0000,1.0000,0.3568,1.0000,0.1879,0,0.0000,0,0.0000,1,0.3568,0,0.0000
captura_20261005_094741_027_47,Prueba_4,VIA-edee8f48f254,2,2026-10-05 14:47:41.027000+00:00,4.6004,-74.0716,14,0.0270,0.8081,-4.3900,16.6100,,124.7660,58.5081,1440.7312,431.7041,False,False,0.2900,0.2900,5.0000,1,0.1639,28.6882,52.2662,02b896d0d028a35356e802df8f1d4adf50008f31,1.0000,0.0883,1.0000,0.0469,1.0000,0.2900,2.0000,0.2567,0,0.0000,0,0.0000,1,0.2900,0,0.0000
captura_20261005_094741_589_48,Prueba_4,VIA-edee8f48f254,2,2026-10-05 14:47:41.589000+00:00,4.6004,-74.0716,13,0.4110,0.8258,-3.9200,17.0800,,135.8951,60.6103,1428.6470,515.9717,False,False,0.0680,0.0000,3.0000,0,0.0559,87.4385,100.0000,bae00880f8537cf7ba56bf6fbd4f8f30f52e9854,0.0000,0.0000,3.0000,0.0680,0.0000,0.0172,0.0000,0.0263,0,0.0000,0,0.0000,0,0.0000,0,0.0000
captura_20261005_094742_146_49,Prueba_4,VIA-edee8f48f254,2,2026-10-05 14:47:42.146000+00:00,4.6004,-74.0716,13,0.1460,0.8433,-2.3600,18.6400,,134.8152,60.4715,1386.9801,505.8418,False,False,0.0428,0.0000,1.0000,0,0.0428,95.2440,100.0000,b6bcd8c5f2896c9ccffc72dd535d08615e010b19,0.0000,0.0102,1.0000,0.0428,0.0000,0.0146,0.0000,0.0315,0,0.0000,0,0.0000,0,0.0000,0,0.0000
captura_20261005_094742_707_50,Prueba_4,VIA-01538ee502cc,3,2026-10-05 14:47:42.707000+00:00,4.6004,-74.0716,12,0.2930,0.8610,-0.2200,20.7800,,134.2084,60.2451,1327.9719,495.6113,False,False,0.0450,0.0000,0.0000,0,,100.0000,100.0000,5d09c0dcad840f21ef56cd654ed22696ce769998,0.0000,0.0000,0.0000,0.0000,0.0000,0.0171,0.0000,0.0450,0,0.0000,0,0.0000,0,0.0000,0,0.0000
captura_20261005_094743_260_51,Prueba_4,VIA-01538ee502cc,3,2026-10-05 14:47:43.260000+00:00,4.6004,-74.0716,12,0.2600,0.8784,2.0300,23.0300,L,134.0728,60.0741,1283.0398,494.9600,False,False,0.0750,0.0000,1.0000,0,0.0750,64.0916,100.0000,4f1435c7a7a6af1c5bd729768bfde1b11f06cf3a,0.0000,0.0000,0.0000,0.0138,0.0000,0.0280,1.0000,0.0750,0,0.0000,0,0.0000,0,0.0000,0,0.0000
captura_20261005_094743_806_52,Prueba_4,VIA-01538ee502cc,3,2026-10-05 14:47:43.806000+00:00,4.6004,-74.0716,16,0.1940,0.8955,2.0300,23.0300,L,138.6029,56.9850,1288.5410,480.0654,False,False,0.0765,0.0000,1.0000,0,0.0502,100.0000,100.0000,22ae2d65e372ca48f6bd3758df77dd30383a6b27,0.0000,0.0000,1.0000,0.0502,0.0000,0.0765,0.0000,0.0360,0,0.0000,0,0.0000,0,0.0000,0,0.0000
captura_20261005_094744_365_53,Prueba_4,VIA-01538ee502cc,3,2026-10-05 14:47:44.365000+00:00,4.6004,-74.0716,16,0.3650,0.9131,2.0300,23.0300,L,138.8988,57.5469,1319.2021,479.4199,False,False,0.0704,0.0000,0.0000,0,,100.0000,100.0000,e6e0818a6fab1c9331c1eb15daaece1fc2933c05,0.0000,0.0000,0.0000,0.0190,0.0000,0.0704,0.0000,0.0330,0,0.0000,0,0.0000,0,0.0000,0,0.0000
captura_20261005_094744_915_54,Prueba_4,VIA-01538ee502cc,3,2026-10-05 14:47:44.915000+00:00,4.6005,-74.0716,17,0.0850,0.9304,-0.9200,20.0800,,139.3904,57.9805,1336.7045,472.3428,False,False,0.0777,0.0000,0.0000,0,,100.0000,100.0000,dd1bc1b5456c3a4ca742e8b2cdcb9e599c47d421,0.0000,0.0000,0.0000,0.0218,0.0000,0.0777,0.0000,0.0669,0,0.0000,0,0.0000,0,0.0000,0,0.0000
captura_20261005_094745_464_55,Prueba_4,VIA-01538ee502cc,3,2026-10-05 14:47:45.464000+00:00,4.6005,-74.0716,17,0.4640,0.9477,-0.9200,20.0800,,138.3639,58.3261,1347.0133,501.2617,False,False,0.1130,0.0000,2.0000,0,0.0972,37.6596,100.0000,50d082913d4c0fcb30be410203abd2ae32b97421,0.0000,0.0000,0.0000,0.0204,1.0000,0.1130,1.0000,0.0814,0,0.0000,0,0.0000,0,0.0000,0,0.0000
captura_20261005_094746_013_56,Prueba_4,VIA-01538ee502cc,3,2026-10-05 14:47:46.013000+00:00,4.6005,-74.0716,16,0.0130,0.9650,-2.0400,18.9600,,130.6209,57.2215,1428.3649,502.1982,False,False,0.4092,0.0000,5.0000,0,0.2077,21.1232,100.0000,ff8cf17cc356e428fb5a16f5b962ccf2ad6c893b,0.0000,0.0000,0.0000,0.0341,2.0000,0.4092,3.0000,0.3191,0,0.0000,0,0.0000,0,0.0000,0,0.0000
captura_20261005_094746_577_57,Prueba_4,VIA-01538ee502cc,3,2026-10-05 14:47:46.577000+00:00,4.6005,-74.0716,16,0.4230,0.9827,-3.6700,17.3300,,128.9092,57.2276,1449.0601,530.3779,False,False,0.3180,0.2244,2.0000,1,0.2712,59.1478,60.7846,17447ee8fea13ab4fd276b325ad00319f6523cbc,0.0000,0.0422,0.0000,0.0162,2.0000,0.3180,0.0000,0.0451,0,0.0000,0,0.0000,1,0.2244,0,0.0000
captura_20261005_094747_127_58,Prueba_4,VIA-01538ee502cc,3,2026-10-05 14:47:47.127000+00:00,4.6005,-74.0716,16,0.1270,1.0000,-4.2300,16.7700,,126.8195,57.4254,1397.9075,539.2432,False,False,0.2635,0.2635,6.0000,2,0.1276,37.7505,59.4796,699a75fb26cf07b979ac28a617749dc0a3db27a2,0.0000,0.0210,3.0000,0.0742,3.0000,0.2635,0.0000,0.0301,0,0.0000,0,0.0000,2,0.2635,0,0.0000
