id_via,nivel,id_prueba,prueba,tramo,fecha,hora_ini,hora_fin,lat,lon,geohash7,longitud_m,gps_incertidumbre_m,n_fotogramas,danos_detectados,dano_dominante,n_grieta_longitudinal,n_grieta_transversal,n_piel_cocodrilo,n_baches,n_tau_rdd2020_grieta_longitudinal,n_tau_rdd2020_grieta_transversal,n_tau_rdd2020_piel_cocodrilo,n_tau_rdd2020_baches,maxconf_grieta_longitudinal,maxconf_grieta_transversal,maxconf_piel_cocodrilo,maxconf_baches,area_danada_pct,sub_score_grieta_longitudinal,sub_score_grieta_transversal,sub_score_piel_cocodrilo,sub_score_baches,score_calidad,estado,score_calidad_tau_rdd2020,estado_tau_rdd2020,etiqueta_tau_rdd2020,score_red_fusion_vision,etiqueta,accion_recomendada,profundidad_max_cm,profundidad_media_cm,profundidad_frac_bache,profundidad_max_cm_base40,linea_base_cm,fuente_linea_base,severidad_bache_astm,fuente_profundidad,confianza_modelo,max_conf,frac_fotos_con_deteccion,brillo_media,nitidez_media,frac_fotos_borrosa,frac_fotos_sobreexpuesta,max_conf_media,conf_media_detecciones_tau,frac_fotos_con_deteccion_conf25,conf_media_detecciones_campo,frac_fotos_con_deteccion_tau_rdd2020,hash_imagenes,version_detector,run_id
VIA-6a8c7dd60e98,tramo,PRU-0e41b56f,Prueba_2,0,2026-10-05,09:38:00,09:38:28,4.6003,-74.0717,d2g64mq,9.4964,5.0000,51,,piel_cocodrilo,0,0,4,0,0,81,20,55,0.0000,0.0000,0.4705,0.0000,0.7736,100.0000,100.0000,79.6125,100.0000,79.6125,satisfactorio,22.8930,muy_malo,intervencion,41.7099,prevencion,sellado_de_fisuras,1.9800,0.3024,0.0000,11.9800,50.0000,moda,L,ultrasonico_alineado_tiempo_normalizado,0.4039,0.4705,0.0784,125.3179,1135.5596,0.3725,0.0000,0.1488,0.1174,0.1373,0.4039,0.8824,5bbc2b7fb4e0,"yolov10n_rdd2020 (Kaggle CPU, 12 épocas, 416 px)",campo-20261007-0158
VIA-7fe064e60e0a,tramo,PRU-0e41b56f,Prueba_2,1,2026-10-05,09:38:28,09:38:38,4.6004,-74.0716,d2g64mq,7.3492,5.0000,18,,piel_cocodrilo,0,0,3,0,0,27,16,1,0.0000,0.0000,0.2665,0.0000,1.1963,100.0000,100.0000,86.3513,100.0000,86.3513,bueno,52.3675,malo,intervencion,44.9097,prevencion,mantenimiento_rutinario,0.6100,0.5344,0.0000,10.6100,50.0000,moda,L,ultrasonico_alineado_tiempo_normalizado,0.2494,0.3273,0.1667,128.1246,1584.8957,0.0000,0.0000,0.1309,0.0948,0.1111,0.2494,0.8889,4eb9e7ff7c72,"yolov10n_rdd2020 (Kaggle CPU, 12 épocas, 416 px)",campo-20261007-0158
VIA-57cac608141a,tramo,PRU-b964f224,Prueba_3,0,2026-10-05,09:41:34,09:41:46,4.6003,-74.0717,d2g64mq,9.0912,5.0000,23,baches,baches,0,0,0,8,0,20,1,83,0.0000,0.0000,0.0000,0.3409,0.6953,100.0000,100.0000,100.0000,50.6292,50.6292,malo,19.7141,muy_malo,intervencion,40.8721,intervencion,bacheo,34.2200,11.1783,0.6522,31.2200,37.0000,moda,H,ultrasonico_alineado_tiempo_normalizado,0.2805,0.3409,0.2609,163.6510,1399.4016,0.0870,0.7826,0.1441,0.1049,0.2174,0.2805,0.7391,7f3a29b5bfb6,"yolov10n_rdd2020 (Kaggle CPU, 12 épocas, 416 px)",campo-20261007-0158
VIA-75f714b86843,tramo,PRU-b964f224,Prueba_3,1,2026-10-05,09:41:47,09:41:55,4.6003,-74.0716,d2g64mq,9.8427,5.0000,17,,,0,0,0,0,2,4,7,14,0.0000,0.0000,0.0000,0.0000,0.0000,100.0000,100.0000,100.0000,100.0000,100.0000,bueno,38.0978,muy_malo,intervencion,41.7023,intervencion,mantenimiento_rutinario,8.8900,-4.3500,0.4118,5.8900,37.0000,moda,H,ultrasonico_alineado_tiempo_normalizado,,0.2287,0.0000,153.4053,923.9085,0.1765,0.0000,0.1108,0.1150,0.0000,,0.6471,b757a9c7426a,"yolov10n_rdd2020 (Kaggle CPU, 12 épocas, 416 px)",campo-20261007-0158
VIA-2985571a3698,tramo,PRU-b964f224,Prueba_3,2,2026-10-05,09:41:56,09:42:08,4.6004,-74.0716,d2g64mq,10.5062,5.0000,23,piel_cocodrilo,piel_cocodrilo,0,0,9,0,2,17,25,8,0.0000,0.0000,0.3452,0.0000,11.5510,100.0000,100.0000,50.8010,100.0000,50.8010,malo,26.5676,muy_malo,intervencion,43.6448,intervencion,rehabilitacion,19.6800,9.7605,0.7727,16.6800,37.0000,moda,H,ultrasonico_alineado_tiempo_normalizado,0.2560,0.3452,0.3478,148.9435,876.3533,0.6087,0.3478,0.1688,0.1313,0.1739,0.2560,0.9565,9f8848d09ee3,"yolov10n_rdd2020 (Kaggle CPU, 12 épocas, 416 px)",campo-20261007-0158
VIA-d502dbe6b2e6,tramo,PRU-fa9806a6,Prueba_4,0,2026-10-05,09:47:15,09:47:25,4.6002,-74.0717,d2g64mq,9.8153,5.0000,19,baches,baches,0,0,0,11,6,58,4,47,0.0000,0.0000,0.0000,0.3534,1.1076,100.0000,100.0000,100.0000,60.4060,60.4060,regular,19.1845,muy_malo,intervencion,40.9293,mantenimiento,bacheo,3.3500,-3.3374,0.2105,24.3500,61.0000,moda,M,ultrasonico_alineado_tiempo_normalizado,0.2588,0.3534,0.2632,158.6755,1383.9812,0.0000,0.7895,0.1750,0.1048,0.2105,0.2588,1.0000,3d683653b3a9,"yolov10n_rdd2020 (Kaggle CPU, 12 épocas, 416 px)",campo-20261007-0158
VIA-c321926ea46b,tramo,PRU-fa9806a6,Prueba_4,1,2026-10-05,09:47:25,09:47:36,4.6003,-74.0716,d2g64mq,9.2394,5.0000,20,piel_cocodrilo,piel_cocodrilo,0,1,4,0,4,33,14,2,0.0000,0.1908,0.2808,0.0000,4.3811,100.0000,100.0000,63.7211,100.0000,63.7211,regular,45.2783,malo,intervencion,45.4182,mantenimiento,parcheo,3.9100,0.4630,0.2000,24.9100,61.0000,moda,M,ultrasonico_alineado_tiempo_normalizado,0.2285,0.2808,0.2500,144.7663,1093.7223,0.2500,0.2000,0.1516,0.1094,0.1000,0.2209,0.9000,b4bad9561805,"yolov10n_rdd2020 (Kaggle CPU, 12 épocas, 416 px)",campo-20261007-0158
VIA-edee8f48f254,tramo,PRU-fa9806a6,Prueba_4,2,2026-10-05,09:47:36,09:47:42,4.6004,-74.0716,d2g64mq,9.3956,5.0000,11,piel_cocodrilo,piel_cocodrilo,0,0,3,0,1,18,8,7,0.0000,0.0000,0.3568,0.0000,4.1526,100.0000,100.0000,62.4678,100.0000,62.4678,regular,42.7474,malo,intervencion,45.0100,mantenimiento,parcheo,-2.3600,-4.9327,0.0000,18.6400,61.0000,moda,,ultrasonico_alineado_tiempo_normalizado,0.3011,0.3568,0.2727,128.3026,1406.6432,0.0000,0.0000,0.1553,0.1122,0.2727,0.3011,0.9091,f20f756996e0,"yolov10n_rdd2020 (Kaggle CPU, 12 épocas, 416 px)",campo-20261007-0158
VIA-01538ee502cc,tramo,PRU-fa9806a6,Prueba_4,3,2026-10-05,09:47:42,09:47:47,4.6005,-74.0716,d2g64mq,6.3778,5.0000,9,piel_cocodrilo,piel_cocodrilo,0,0,3,0,0,4,8,5,0.0000,0.0000,0.2635,0.0000,3.2688,100.0000,100.0000,75.1347,100.0000,75.1347,satisfactorio,44.0827,malo,intervencion,43.2927,prevencion,sellado_de_fisuras,2.0300,-0.6567,0.0000,23.0300,61.0000,moda,L,ultrasonico_alineado_tiempo_normalizado,0.2440,0.4092,0.2222,134.4319,1353.0895,0.0000,0.0000,0.1609,0.1381,0.3333,0.2440,0.6667,e8ae953b14d4,"yolov10n_rdd2020 (Kaggle CPU, 12 épocas, 416 px)",campo-20261007-0158
PRU-0e41b56f,prueba,PRU-0e41b56f,Prueba_2,-1,2026-10-05,09:38:00,09:38:38,4.6003,-74.0717,d2g64mq,16.8456,5.0000,69,,piel_cocodrilo,0,0,7,0,0,108,36,56,0.0000,0.0000,0.4705,0.0000,0.8839,100.0000,100.0000,80.9806,100.0000,80.9806,satisfactorio,25.6504,muy_malo,intervencion,,prevencion,sellado_de_fisuras,1.9800,0.0777,0.0000,11.9800,50.0000,moda,L,ultrasonico_prueba_completa,0.3377,0.4705,0.1014,126.0501,1252.7777,0.2754,0.0000,0.1441,0.1115,0.1304,0.3377,0.8841,99b596e6fe47,"yolov10n_rdd2020 (Kaggle CPU, 12 épocas, 416 px)",campo-20261007-0158
PRU-b964f224,prueba,PRU-b964f224,Prueba_3,-1,2026-10-05,09:41:34,09:42:08,4.6003,-74.0716,d2g64mq,29.4401,5.0000,63,,piel_cocodrilo,0,0,9,8,4,41,33,105,0.0000,0.0000,0.3452,0.3409,4.4709,100.0000,100.0000,60.8661,63.7575,48.1812,malo,22.9161,muy_malo,intervencion,,intervencion,rehabilitacion,34.2200,-1.7670,0.3143,31.2200,37.0000,moda,H,ultrasonico_prueba_completa,0.2560,0.3452,0.2222,155.5169,1080.1398,0.3016,0.4127,0.1442,0.1188,0.1429,0.2665,0.7937,67a8ca782d03,"yolov10n_rdd2020 (Kaggle CPU, 12 épocas, 416 px)",campo-20261007-0158
PRU-fa9806a6,prueba,PRU-fa9806a6,Prueba_4,-1,2026-10-05,09:47:15,09:47:47,4.6003,-74.0716,d2g64mq,34.8281,5.0000,59,,piel_cocodrilo,0,1,10,11,11,113,34,61,0.0000,0.1908,0.3568,0.3534,3.1147,100.0000,100.0000,68.8402,75.1689,60.1493,regular,28.4317,muy_malo,intervencion,,mantenimiento,parcheo,3.9100,-3.6220,0.0400,24.9100,61.0000,moda,M,ultrasonico_prueba_completa,0.2561,0.4092,0.2542,144.5996,1285.1012,0.0847,0.3220,0.1612,0.1116,0.2034,0.2527,0.8983,63dcc52075f1,"yolov10n_rdd2020 (Kaggle CPU, 12 épocas, 416 px)",campo-20261007-0158
